latitude,longitude,brightness,scan,track,acq_date,acq_time,satellite,instrument,confidence,version,bright_t31,frp,daynight
36.8261,28.21956,368.32,1.06,1.03,2021-07-29,1125,Aqua,MODIS,94,6.1NRT,334.64,102.56,D
36.82914,28.2436,362.88,1.06,1.03,2021-07-29,1125,Aqua,MODIS,92,6.1NRT,313.13,0,D
36.81901,28.21472,385.23,1.06,1.03,2021-07-29,1125,Aqua,MODIS,92,6.1NRT,329.95,153.74,D
36.8098,28.2163,378.23,1.06,1.03,2021-07-29,1125,Aqua,MODIS,82,6.1NRT,322.98,125.23,D
36.82048,28.22619,432.4,1.06,1.03,2021-07-29,1125,Aqua,MODIS,75,6.1NRT,400.07,510.2,D
36.98875,28.72957,311.68,2.97,1.64,2021-07-29,2046,Terra,MODIS,83,6.1NRT,301.14,36.2,N
36.82127,28.17908,313.74,2.73,1.58,2021-07-29,2046,Terra,MODIS,87,6.1NRT,299.66,36.73,N
36.82312,28.20876,334.23,2.74,1.58,2021-07-29,2046,Terra,MODIS,100,6.1NRT,305.4,133.42,N
36.80694,28.17929,316.88,2.73,1.58,2021-07-29,2046,Terra,MODIS,94,6.1NRT,302.83,46.84,N
36.8088,28.20938,320.41,2.74,1.58,2021-07-29,2046,Terra,MODIS,100,6.1NRT,305.51,61.44,N
36.79261,28.17939,317.88,2.73,1.58,2021-07-29,2046,Terra,MODIS,96,6.1NRT,303.29,50.75,N
36.79453,28.21108,320.54,2.74,1.58,2021-07-29,2046,Terra,MODIS,100,6.1NRT,304.62,61.73,N
36.83415,28.21327,313.76,2.74,1.58,2021-07-29,2046,Terra,MODIS,83,6.1NRT,301.92,36.07,N
36.81783,28.18485,323.65,2.73,1.58,2021-07-29,2046,Terra,MODIS,100,6.1NRT,301.68,75.25,N
36.81987,28.21466,332,2.74,1.58,2021-07-29,2046,Terra,MODIS,100,6.1NRT,305.92,118.22,N
36.80346,28.1846,319.53,2.73,1.58,2021-07-29,2046,Terra,MODIS,99,6.1NRT,303.71,58.39,N
36.80559,28.21607,314.3,2.74,1.58,2021-07-29,2046,Terra,MODIS,88,6.1NRT,304.18,37.61,N
36.78909,28.18419,329.95,2.73,1.58,2021-07-29,2046,Terra,MODIS,100,6.1NRT,305.1,105.96,N
36.79129,28.2172,322.18,2.74,1.58,2021-07-29,2046,Terra,MODIS,100,6.1NRT,305.16,67.25,N
36.77281,28.1547,327.39,2.71,1.58,2021-07-29,2046,Terra,MODIS,100,6.1NRT,301.74,90.96,N
36.77465,28.18275,370.21,2.73,1.58,2021-07-29,2046,Terra,MODIS,100,6.1NRT,309.6,485.12,N
36.77678,28.21529,323.18,2.74,1.58,2021-07-29,2046,Terra,MODIS,100,6.1NRT,306.61,71.19,N
36.75867,28.15738,341,2.71,1.58,2021-07-29,2046,Terra,MODIS,100,6.1NRT,302.5,0,N
36.76035,28.18328,369.29,2.73,1.58,2021-07-29,2046,Terra,MODIS,100,6.1NRT,309.19,0,N
36.74442,28.1583,369.6,2.71,1.58,2021-07-29,2046,Terra,MODIS,100,6.1NRT,306.21,0,N
36.74614,28.18517,366.53,2.73,1.58,2021-07-29,2046,Terra,MODIS,100,6.1NRT,312.45,0,N
36.73025,28.16043,396.45,2.71,1.58,2021-07-29,2046,Terra,MODIS,100,6.1NRT,310.27,973.98,N
36.73198,28.18781,415.61,2.73,1.58,2021-07-29,2046,Terra,MODIS,100,6.1NRT,320.56,1526.65,N
36.71597,28.16082,376.02,2.71,1.58,2021-07-29,2046,Terra,MODIS,100,6.1NRT,303.56,565.38,N
36.74075,28.1643,392.2,2.71,1.58,2021-07-29,2046,Terra,MODIS,100,6.1NRT,311.63,0,N
36.7427,28.19253,373.47,2.73,1.58,2021-07-29,2046,Terra,MODIS,100,6.1NRT,313.97,0,N
36.72466,28.13849,316.23,2.7,1.57,2021-07-29,2046,Terra,MODIS,49,6.1NRT,301.04,38.45,N
36.72663,28.1671,429.02,2.71,1.58,2021-07-29,2046,Terra,MODIS,100,6.1NRT,314.64,2015.15,N
36.71235,28.16758,337.92,2.71,1.58,2021-07-29,2046,Terra,MODIS,100,6.1NRT,301.01,150.89,N
36.7401,28.18873,333.28,3.09,1.67,2021-07-29,2326,Aqua,MODIS,100,6.1NRT,306.18,0,N
36.75503,28.19191,331.3,3.09,1.67,2021-07-29,2326,Aqua,MODIS,100,6.1NRT,303.5,0,N
36.77015,28.19164,327.85,3.09,1.67,2021-07-29,2326,Aqua,MODIS,97,6.1NRT,304.19,0,N
36.77235,28.15363,316.84,3.11,1.67,2021-07-29,2326,Aqua,MODIS,94,6.1NRT,300.58,60.36,N
36.71493,28.14116,322.19,3.11,1.67,2021-07-29,2326,Aqua,MODIS,100,6.1NRT,299.69,79.09,N
36.72785,28.17745,338.74,3.09,1.67,2021-07-29,2326,Aqua,MODIS,100,6.1NRT,305.24,188.39,N
36.7428,28.1801,328.52,3.09,1.67,2021-07-29,2326,Aqua,MODIS,98,6.1NRT,305.22,0,N
36.75774,28.18277,335.12,3.09,1.67,2021-07-29,2326,Aqua,MODIS,100,6.1NRT,303.08,0,N
36.77277,28.18419,334.76,3.09,1.67,2021-07-29,2326,Aqua,MODIS,100,6.1NRT,305.24,0,N
36.78536,28.18982,334.76,3.09,1.67,2021-07-29,2326,Aqua,MODIS,100,6.1NRT,304.74,164.3,N
36.78749,28.15372,311.85,3.11,1.67,2021-07-29,2326,Aqua,MODIS,16,6.1NRT,300.81,35.3,N
36.82848,28.22556,314.85,3.08,1.67,2021-07-29,2326,Aqua,MODIS,90,6.1NRT,301.02,50.6,N
36.8435,28.22668,312.56,3.08,1.67,2021-07-29,2326,Aqua,MODIS,85,6.1NRT,300.38,44.01,N
36.78586,28.21537,318.81,3.08,1.67,2021-07-29,2326,Aqua,MODIS,25,6.1NRT,303.81,54.38,N
36.78807,28.1815,324.97,3.09,1.67,2021-07-29,2326,Aqua,MODIS,91,6.1NRT,302.93,87.12,N
36.97674,28.74354,339.69,1.08,1.04,2021-07-30,0850,Terra,MODIS,86,6.1NRT,310.68,31.6,D
36.98425,28.75851,338.59,1.08,1.04,2021-07-30,0850,Terra,MODIS,85,6.1NRT,309.55,31.1,D
36.98592,28.74576,368.65,1.08,1.04,2021-07-30,0850,Terra,MODIS,100,6.1NRT,311.1,109.8,D
36.78155,28.18795,342.91,1.12,1.05,2021-07-30,0850,Terra,MODIS,78,6.1NRT,317.64,29.74,D
36.78308,28.17572,406.46,1.12,1.05,2021-07-30,0850,Terra,MODIS,100,6.1NRT,329.58,325.25,D
36.78469,28.16291,352.67,1.12,1.06,2021-07-30,0850,Terra,MODIS,95,6.1NRT,309.4,62.85,D
36.7895,28.20147,371.38,1.12,1.05,2021-07-30,0850,Terra,MODIS,100,6.1NRT,323.19,110.2,D
36.79105,28.18909,376.43,1.12,1.05,2021-07-30,0850,Terra,MODIS,100,6.1NRT,325.91,134.97,D
36.7926,28.17677,402.99,1.12,1.05,2021-07-30,0850,Terra,MODIS,100,6.1NRT,333.37,298.21,D
36.7942,28.1641,351.49,1.12,1.06,2021-07-30,0850,Terra,MODIS,95,6.1NRT,311.8,60.8,D
36.80051,28.19061,348.93,1.12,1.05,2021-07-30,0850,Terra,MODIS,83,6.1NRT,322.56,45.33,D
36.80207,28.17821,357.79,1.12,1.05,2021-07-30,0850,Terra,MODIS,98,6.1NRT,319.04,72.84,D
36.80996,28.19218,367.42,1.12,1.05,2021-07-30,0850,Terra,MODIS,100,6.1NRT,321.49,101.58,D
36.81154,28.17967,346.96,1.12,1.05,2021-07-30,0850,Terra,MODIS,87,6.1NRT,313.15,43.47,D
36.81417,28.19894,361.54,1.12,1.05,2021-07-30,0850,Terra,MODIS,99,6.1NRT,320.41,77.69,D
36.81572,28.18626,366.99,1.12,1.05,2021-07-30,0850,Terra,MODIS,100,6.1NRT,316.57,100.52,D
36.82206,28.21305,351.01,1.12,1.05,2021-07-30,0850,Terra,MODIS,86,6.1NRT,322.56,45.61,D
36.8236,28.20059,408.66,1.12,1.05,2021-07-30,0850,Terra,MODIS,100,6.1NRT,323.68,337.07,D
36.83145,28.21499,365.32,1.12,1.05,2021-07-30,0850,Terra,MODIS,100,6.1NRT,322.68,93.86,D
36.833,28.20246,361.33,1.12,1.05,2021-07-30,0850,Terra,MODIS,100,6.1NRT,318.18,80.63,D
36.84086,28.21679,339.69,1.12,1.05,2021-07-30,0850,Terra,MODIS,82,6.1NRT,316.02,27.16,D
36.77463,28.19434,360.02,4.41,1.93,2021-07-30,1208,Aqua,MODIS,90,6.1NRT,307.31,0,D
36.77723,28.18669,340.46,4.41,1.93,2021-07-30,1208,Aqua,MODIS,0,6.1NRT,307.7,248.29,D
36.8124,28.19129,332.81,4.41,1.93,2021-07-30,1208,Aqua,MODIS,0,6.1NRT,310.14,162.36,D
36.82991,28.19138,339.11,4.41,1.93,2021-07-30,1208,Aqua,MODIS,0,6.1NRT,313.11,239.84,D
36.81227,28.18684,333.37,4.41,1.93,2021-07-30,1208,Aqua,MODIS,0,6.1NRT,310.27,165.52,D
36.82978,28.18736,336.99,4.41,1.93,2021-07-30,1208,Aqua,MODIS,0,6.1NRT,313.22,210.21,D
36.99169,28.73506,314.07,1.28,1.12,2021-07-30,1951,Terra,MODIS,88,6.1NRT,301.49,11.96,N
36.9944,28.75061,321.96,1.27,1.12,2021-07-30,1951,Terra,MODIS,100,6.1NRT,300.46,22.16,N
36.98459,28.75364,326.03,1.27,1.12,2021-07-30,1951,Terra,MODIS,100,6.1NRT,301.54,28.56,N
36.98712,28.7681,311.36,1.27,1.12,2021-07-30,1951,Terra,MODIS,74,6.1NRT,299.33,8.65,N
36.83256,28.20034,327.67,1.36,1.16,2021-07-30,1951,Terra,MODIS,100,6.1NRT,302.14,33.47,N
36.83533,28.21544,312.96,1.36,1.16,2021-07-30,1951,Terra,MODIS,85,6.1NRT,302.08,10.84,N
36.80395,28.1616,310.45,1.37,1.16,2021-07-30,1951,Terra,MODIS,46,6.1NRT,300.28,7.83,N
36.80673,28.1766,317,1.37,1.16,2021-07-30,1951,Terra,MODIS,94,6.1NRT,301.6,16.17,N
36.80826,28.16619,314.93,1.37,1.16,2021-07-30,1951,Terra,MODIS,85,6.1NRT,300.46,12.6,N
36.81087,28.18069,315.24,1.37,1.16,2021-07-30,1951,Terra,MODIS,90,6.1NRT,301.26,13.12,N
36.73872,28.13844,320.89,1.38,1.16,2021-07-30,1951,Terra,MODIS,100,6.1NRT,300.63,21.47,N
36.74166,28.1544,336.33,1.38,1.16,2021-07-30,1951,Terra,MODIS,100,6.1NRT,301.81,51.77,N
36.57885,29.13278,313.58,1.05,1.02,2021-07-31,0009,Aqua,MODIS,86,6.1NRT,302.55,7.87,N
36.98829,28.77159,326.11,1.02,1.01,2021-07-31,0009,Aqua,MODIS,100,6.1NRT,299.98,21.08,N
36.99008,28.76022,338.74,1.02,1.01,2021-07-31,0009,Aqua,MODIS,100,6.1NRT,302.19,38.94,N
36.99179,28.74931,310.42,1.02,1.01,2021-07-31,0009,Aqua,MODIS,31,6.1NRT,299.89,5.89,N
36.99906,28.76214,346.55,1.02,1.01,2021-07-31,0009,Aqua,MODIS,100,6.1NRT,300.01,53.67,N
37.00078,28.75118,320.13,1.02,1.01,2021-07-31,0009,Aqua,MODIS,100,6.1NRT,298.4,14.47,N
36.73204,28.15463,310.08,1.01,1,2021-07-31,0009,Aqua,MODIS,77,6.1NRT,299.77,5.79,N
36.73928,28.16756,323.74,1.01,1,2021-07-31,0009,Aqua,MODIS,100,6.1NRT,301.52,17.6,N
36.74096,28.15658,334.62,1.01,1,2021-07-31,0009,Aqua,MODIS,100,6.1NRT,302.5,31.4,N
36.74818,28.1696,317.94,1.01,1,2021-07-31,0009,Aqua,MODIS,96,6.1NRT,301.96,11.65,N
36.74984,28.15878,311.68,1.01,1,2021-07-31,0009,Aqua,MODIS,81,6.1NRT,299.72,6.57,N
36.76765,28.16267,313.08,1.01,1,2021-07-31,0009,Aqua,MODIS,85,6.1NRT,300.68,7.85,N
36.77655,28.16461,312.11,1.01,1,2021-07-31,0009,Aqua,MODIS,83,6.1NRT,301.27,7.21,N
36.78376,28.17787,312.37,1.01,1,2021-07-31,0009,Aqua,MODIS,83,6.1NRT,301.23,7.46,N
36.78543,28.16682,315.66,1.01,1,2021-07-31,0009,Aqua,MODIS,91,6.1NRT,301.29,10.19,N
36.79442,28.17476,313.03,1.01,1,2021-07-31,0009,Aqua,MODIS,85,6.1NRT,300.96,7.95,N
36.79314,28.24346,316.63,1.01,1,2021-07-31,0009,Aqua,MODIS,93,6.1NRT,303.8,10.21,N
36.80331,28.17686,325.11,1.01,1,2021-07-31,0009,Aqua,MODIS,100,6.1NRT,300.69,19.56,N
36.805,28.16578,314.9,1.01,1,2021-07-31,0009,Aqua,MODIS,89,6.1NRT,299.53,10.01,N
36.81219,28.17901,312.08,1.01,1,2021-07-31,0009,Aqua,MODIS,82,6.1NRT,299.12,7.86,N
36.83551,28.20739,316.99,1.01,1,2021-07-31,0009,Aqua,MODIS,94,6.1NRT,300.38,11.6,N
36.84272,28.2205,309.75,1.01,1,2021-07-31,0009,Aqua,MODIS,64,6.1NRT,299.26,5.56,N
36.84441,28.20945,315.2,1.01,1,2021-07-31,0009,Aqua,MODIS,90,6.1NRT,298.75,10.09,N
36.80236,28.19273,329.91,2.26,1.46,2021-07-31,0932,Terra,MODIS,53,6.1NRT,312.77,37.43,D
36.82212,28.16952,328.02,2.25,1.45,2021-07-31,0932,Terra,MODIS,54,6.1NRT,312.9,34.38,D
36.81694,28.1936,328.2,2.26,1.46,2021-07-31,0932,Terra,MODIS,73,6.1NRT,312.96,32.61,D
36.80983,28.16351,376.05,2.25,1.45,2021-07-31,0932,Terra,MODIS,94,6.1NRT,314.45,394.11,D
36.80452,28.18809,349.13,2.26,1.46,2021-07-31,0932,Terra,MODIS,95,6.1NRT,313.28,140.11,D
36.79705,28.15987,365.72,2.25,1.45,2021-07-31,0932,Terra,MODIS,87,6.1NRT,310.54,280.07,D
36.79208,28.18272,358.34,2.26,1.46,2021-07-31,0932,Terra,MODIS,99,6.1NRT,310.93,211.41,D
36.78473,28.15406,326.39,2.25,1.45,2021-07-31,0932,Terra,MODIS,60,6.1NRT,306.51,33.9,D
36.78002,28.17564,330.42,2.26,1.46,2021-07-31,0932,Terra,MODIS,83,6.1NRT,306.57,48.6,D
37.01347,28.75855,335.01,2.43,1.5,2021-07-31,0932,Terra,MODIS,84,6.1NRT,303.31,95.15,D
36.99991,28.7564,345.96,2.43,1.5,2021-07-31,0932,Terra,MODIS,92,6.1NRT,305.43,159.76,D
36.99409,28.78227,324.67,2.44,1.51,2021-07-31,0932,Terra,MODIS,58,6.1NRT,303.93,45.24,D
36.98574,28.77611,324.56,2.44,1.51,2021-07-31,0932,Terra,MODIS,61,6.1NRT,303.56,38.04,D
36.84022,28.20625,335.7,2.26,1.46,2021-07-31,0932,Terra,MODIS,73,6.1NRT,312.69,67.08,D
36.82011,28.17414,348.21,2.25,1.45,2021-07-31,0932,Terra,MODIS,93,6.1NRT,313.62,140.3,D
36.81482,28.19798,328.88,2.26,1.46,2021-07-31,0932,Terra,MODIS,38,6.1NRT,313,34.57,D
36.80777,28.16847,382.26,2.25,1.45,2021-07-31,0932,Terra,MODIS,100,6.1NRT,315.78,479.7,D
36.72647,28.14937,329.73,1.03,1.02,2021-07-31,1113,Aqua,MODIS,48,6.1NRT,311.27,13.64,D
36.73726,28.15886,332.57,1.03,1.01,2021-07-31,1113,Aqua,MODIS,71,6.1NRT,310.19,16.57,D
36.75582,28.15961,345.81,1.03,1.01,2021-07-31,1113,Aqua,MODIS,90,6.1NRT,311.07,40.41,D
36.76481,28.15747,331.5,1.03,1.01,2021-07-31,1113,Aqua,MODIS,56,6.1NRT,309.65,15.34,D
36.77567,28.16727,347.61,1.03,1.01,2021-07-31,1113,Aqua,MODIS,92,6.1NRT,311.38,40.77,D
36.77384,28.15553,341.69,1.03,1.01,2021-07-31,1113,Aqua,MODIS,86,6.1NRT,310.07,29.49,D
36.78458,28.16464,350.08,1.03,1.01,2021-07-31,1113,Aqua,MODIS,93,6.1NRT,312.78,45.54,D
36.79529,28.17353,334.94,1.03,1.01,2021-07-31,1113,Aqua,MODIS,63,6.1NRT,317.25,14.9,D
36.79353,28.16212,343.96,1.03,1.01,2021-07-31,1113,Aqua,MODIS,89,6.1NRT,314.57,32.39,D
36.80427,28.17129,379.1,1.03,1.01,2021-07-31,1113,Aqua,MODIS,100,6.1NRT,324.28,130.93,D
36.8025,28.1598,402.9,1.03,1.01,2021-07-31,1113,Aqua,MODIS,100,6.1NRT,328.14,260.32,D
36.81499,28.18024,355.61,1.03,1.01,2021-07-31,1113,Aqua,MODIS,97,6.1NRT,320.93,51.03,D
36.81325,28.16903,388.04,1.03,1.01,2021-07-31,1113,Aqua,MODIS,100,6.1NRT,324.92,171.91,D
36.81151,28.15777,354.18,1.03,1.01,2021-07-31,1113,Aqua,MODIS,96,6.1NRT,318.28,51.42,D
36.82572,28.18935,338.5,1.03,1.01,2021-07-31,1113,Aqua,MODIS,67,6.1NRT,320.2,17.33,D
36.83996,28.22146,338.7,1.03,1.01,2021-07-31,1113,Aqua,MODIS,76,6.1NRT,319.44,19.42,D
36.83821,28.21,338.7,1.03,1.01,2021-07-31,1113,Aqua,MODIS,58,6.1NRT,319.8,18.51,D
36.97717,28.76549,330.75,1.01,1,2021-07-31,1113,Aqua,MODIS,57,6.1NRT,310.41,13.6,D
36.98774,28.7747,338.05,1.01,1,2021-07-31,1113,Aqua,MODIS,82,6.1NRT,311.35,26.11,D
36.98609,28.76368,350.99,1.01,1,2021-07-31,1113,Aqua,MODIS,94,6.1NRT,312.92,50.19,D
36.99499,28.76162,337.75,1.01,1,2021-07-31,1113,Aqua,MODIS,82,6.1NRT,316.5,26.9,D
36.99331,28.75025,376.71,1.01,1,2021-07-31,1113,Aqua,MODIS,100,6.1NRT,318.54,127.34,D
36.99163,28.73893,360.48,1.01,1,2021-07-31,1113,Aqua,MODIS,100,6.1NRT,314.49,73.96,D
37.00556,28.77095,334.39,1.01,1,2021-07-31,1113,Aqua,MODIS,77,6.1NRT,309.88,22.46,D
37.00389,28.75968,359.78,1.01,1,2021-07-31,1113,Aqua,MODIS,99,6.1NRT,312.79,74.1,D
37.00221,28.74825,335.74,1.01,1,2021-07-31,1113,Aqua,MODIS,79,6.1NRT,308.03,23.84,D
37.04536,27.76126,357.83,1.65,1.26,2021-07-31,2034,Terra,MODIS,100,6.1NRT,302.28,156.57,N
37.00959,28.73782,310.83,1.89,1.34,2021-07-31,2034,Terra,MODIS,72,6.1NRT,298.97,15.42,N
37.05656,27.75817,354.94,1.65,1.26,2021-07-31,2034,Terra,MODIS,100,6.1NRT,302.1,142.77,N
37.0549,27.74002,377.2,1.65,1.26,2021-07-31,2034,Terra,MODIS,100,6.1NRT,314.06,283.35,N
37.05338,27.72342,428.07,1.64,1.26,2021-07-31,2034,Terra,MODIS,100,6.1NRT,320.73,952.5,N
37.03088,27.72791,319.92,1.64,1.26,2021-07-31,2034,Terra,MODIS,99,6.1NRT,302.84,21.66,N
37.03252,27.74622,321,1.65,1.26,2021-07-31,2034,Terra,MODIS,100,6.1NRT,303.99,24.92,N
37.04182,27.71442,324.18,1.64,1.26,2021-07-31,2034,Terra,MODIS,100,6.1NRT,303.65,31.42,N
37.04348,27.73168,387.63,1.64,1.26,2021-07-31,2034,Terra,MODIS,100,6.1NRT,313.22,372.14,N
37.04519,27.74939,422.33,1.65,1.26,2021-07-31,2034,Terra,MODIS,100,6.1NRT,314.63,847.76,N
37.05182,27.70633,409.26,1.64,1.26,2021-07-31,2034,Terra,MODIS,100,6.1NRT,309.71,632.85,N
37.06636,27.73997,345.49,1.65,1.26,2021-07-31,2034,Terra,MODIS,100,6.1NRT,307.39,99.71,N
37.06474,27.72228,365.28,1.64,1.26,2021-07-31,2034,Terra,MODIS,100,6.1NRT,309.13,196.85,N
37.0631,27.70459,337.84,1.64,1.26,2021-07-31,2034,Terra,MODIS,100,6.1NRT,301.42,69.78,N
37.03403,27.75257,353.45,1.65,1.26,2021-07-31,2034,Terra,MODIS,100,6.1NRT,304.4,131.15,N
37.03228,27.73437,345.65,1.64,1.26,2021-07-31,2034,Terra,MODIS,100,6.1NRT,304.63,96.58,N
36.78772,28.1519,321.23,1.73,1.29,2021-07-31,2034,Terra,MODIS,100,6.1NRT,302.03,30.91,N
36.79578,28.14659,310.03,1.73,1.29,2021-07-31,2034,Terra,MODIS,53,6.1NRT,299.78,10.81,N
37.01098,28.75422,316.28,1.9,1.35,2021-07-31,2034,Terra,MODIS,93,6.1NRT,297.7,27.52,N
37.04372,27.74324,429.81,1.65,1.26,2021-07-31,2034,Terra,MODIS,100,6.1NRT,319.49,990.55,N
37.07775,27.73904,318.83,1.65,1.26,2021-07-31,2034,Terra,MODIS,86,6.1NRT,302.3,23.61,N
37.07611,27.7213,319.24,1.64,1.26,2021-07-31,2034,Terra,MODIS,94,6.1NRT,303.08,24.32,N
37.08756,27.7212,317.46,1.64,1.26,2021-07-31,2034,Terra,MODIS,95,6.1NRT,302.32,22.39,N
37.08583,27.7027,312.19,1.64,1.26,2021-07-31,2034,Terra,MODIS,47,6.1NRT,299.44,13.07,N
36.76451,28.15469,315.03,1.73,1.29,2021-07-31,2034,Terra,MODIS,87,6.1NRT,300.4,19,N
37.04212,27.72554,354.82,1.64,1.26,2021-07-31,2034,Terra,MODIS,100,6.1NRT,307.79,136.93,N
37.04941,27.70831,381.67,3.26,1.71,2021-08-01,0052,Aqua,MODIS,100,6.1NRT,305.92,877.64,N
37.07095,27.75162,312.06,3.28,1.71,2021-08-01,0052,Aqua,MODIS,84,6.1NRT,299.09,47.19,N
37.06435,27.71303,325.82,3.26,1.71,2021-08-01,0052,Aqua,MODIS,100,6.1NRT,298.93,117.87,N
37.05668,27.74407,325.56,3.28,1.71,2021-08-01,0052,Aqua,MODIS,100,6.1NRT,301.04,113.43,N
37.03005,27.73232,400.49,3.28,1.71,2021-08-01,0052,Aqua,MODIS,100,6.1NRT,312.47,1413.94,N
36.7822,28.15166,310.21,3.53,1.77,2021-08-01,0052,Aqua,MODIS,50,6.1NRT,298.41,37.21,N
37.03845,27.6977,403.72,3.26,1.71,2021-08-01,0052,Aqua,MODIS,100,6.1NRT,306.8,1519.49,N
37.03658,27.77192,322.81,3.3,1.72,2021-08-01,0052,Aqua,MODIS,100,6.1NRT,300.88,96.12,N
37.02095,27.76979,337.16,3.3,1.72,2021-08-01,0052,Aqua,MODIS,100,6.1NRT,303.88,197.12,N
37.04752,27.78106,313.75,3.3,1.72,2021-08-01,0052,Aqua,MODIS,88,6.1NRT,299.32,49.26,N
37.02336,27.69363,313.37,3.26,1.71,2021-08-01,0052,Aqua,MODIS,82,6.1NRT,300.11,47.66,N
37.05328,27.70286,362.67,3.26,1.71,2021-08-01,0052,Aqua,MODIS,100,6.1NRT,301.1,502.23,N
36.77366,28.18572,308.39,3.55,1.77,2021-08-01,0052,Aqua,MODIS,11,6.1NRT,298.05,31.88,N
36.75851,28.17954,334.94,3.55,1.77,2021-08-01,0052,Aqua,MODIS,100,6.1NRT,299.34,191.44,N
36.76581,28.17493,341.61,3.55,1.77,2021-08-01,0052,Aqua,MODIS,100,6.1NRT,299.65,263.27,N
37.05215,27.77421,314.14,3.3,1.72,2021-08-01,0052,Aqua,MODIS,62,6.1NRT,299.13,48.18,N
37.06063,27.73903,317.81,3.28,1.71,2021-08-01,0052,Aqua,MODIS,94,6.1NRT,300.5,68.66,N
37.03158,27.78011,311.08,3.3,1.72,2021-08-01,0052,Aqua,MODIS,82,6.1NRT,300.45,38.4,N
37.04111,27.74177,370.13,3.28,1.71,2021-08-01,0052,Aqua,MODIS,100,6.1NRT,306.16,634.93,N
37.01462,27.72948,314.59,3.28,1.71,2021-08-01,0052,Aqua,MODIS,86,6.1NRT,300.42,51.73,N
37.04546,27.73517,374.04,3.28,1.71,2021-08-01,0052,Aqua,MODIS,100,6.1NRT,305.8,708.45,N
37.07484,27.74692,309.33,3.28,1.71,2021-08-01,0052,Aqua,MODIS,47,6.1NRT,298.71,33.06,N
36.81395,28.16136,335.9,1.6,1.25,2021-08-01,0837,Terra,MODIS,72,6.1NRT,317.63,33.89,D
36.80465,28.14083,368.52,1.6,1.25,2021-08-01,0837,Terra,MODIS,75,6.1NRT,317.26,181.08,D
36.8028,28.15943,365.54,1.6,1.25,2021-08-01,0837,Terra,MODIS,94,6.1NRT,319.94,160.13,D
36.78023,28.15829,341,1.6,1.25,2021-08-01,0837,Terra,MODIS,63,6.1NRT,314.23,45.26,D
37.0584,27.73244,343.05,1.71,1.28,2021-08-01,0837,Terra,MODIS,81,6.1NRT,310.94,63.41,D
37.05655,27.75282,474.92,1.71,1.28,2021-08-01,0837,Terra,MODIS,100,6.1NRT,327.95,2348.42,D
37.05486,27.77128,390.75,1.7,1.28,2021-08-01,0837,Terra,MODIS,100,6.1NRT,310.72,402.72,D
37.0514,27.80913,323.38,1.69,1.28,2021-08-01,0837,Terra,MODIS,41,6.1NRT,308.05,12.21,D
37.04881,27.70937,336.26,1.72,1.29,2021-08-01,0837,Terra,MODIS,64,6.1NRT,314.92,44.41,D
37.04518,27.7496,351.39,1.71,1.28,2021-08-01,0837,Terra,MODIS,95,6.1NRT,306.37,102.14,D
37.05978,27.7458,437,1.71,1.28,2021-08-01,0837,Terra,MODIS,100,6.1NRT,328.37,1180.28,D
37.05791,27.76501,436.77,1.7,1.28,2021-08-01,0837,Terra,MODIS,100,6.1NRT,321.99,1171.46,D
37.04836,27.74337,364.12,1.71,1.28,2021-08-01,0837,Terra,MODIS,100,6.1NRT,307.87,172.95,D
37.04653,27.76226,366.2,1.7,1.28,2021-08-01,0837,Terra,MODIS,100,6.1NRT,308.47,185.38,D
37.04081,27.70046,343.87,1.72,1.29,2021-08-01,0837,Terra,MODIS,81,6.1NRT,314.93,70.15,D
37.07011,27.73213,343.18,1.71,1.28,2021-08-01,0837,Terra,MODIS,84,6.1NRT,313.86,65.06,D
37.0682,27.75293,431.85,1.71,1.28,2021-08-01,0837,Terra,MODIS,100,6.1NRT,331.23,1063.98,D
37.06637,27.77279,361.28,1.7,1.28,2021-08-01,0837,Terra,MODIS,100,6.1NRT,310.77,158.87,D
37.03888,27.72057,369.63,1.71,1.28,2021-08-01,0837,Terra,MODIS,100,6.1NRT,309.37,208.83,D
37.03518,27.75909,333.51,1.7,1.28,2021-08-01,0837,Terra,MODIS,40,6.1NRT,307.95,30.79,D
37.02925,27.69888,356.15,1.72,1.29,2021-08-01,0837,Terra,MODIS,97,6.1NRT,315.26,129.17,D
37.02739,27.71848,350.01,1.71,1.28,2021-08-01,0837,Terra,MODIS,94,6.1NRT,306.65,97.06,D
37.02383,27.75592,360.39,1.7,1.28,2021-08-01,0837,Terra,MODIS,100,6.1NRT,311.76,150.83,D
37.09703,27.69405,330.88,1.72,1.29,2021-08-01,0837,Terra,MODIS,52,6.1NRT,315.48,23.63,D
37.09518,27.7139,339.58,1.72,1.29,2021-08-01,0837,Terra,MODIS,86,6.1NRT,317.86,51.98,D
37.08169,27.7332,361.24,1.71,1.28,2021-08-01,0837,Terra,MODIS,100,6.1NRT,314.91,156.4,D
37.07977,27.75393,365.89,1.71,1.28,2021-08-01,0837,Terra,MODIS,100,6.1NRT,312.22,187.52,D
37.01958,27.67735,325.2,1.72,1.29,2021-08-01,0837,Terra,MODIS,41,6.1NRT,310.53,16.34,D
37.01783,27.69593,348.82,1.72,1.29,2021-08-01,0837,Terra,MODIS,81,6.1NRT,310.16,95.65,D
37.016,27.71539,365.09,1.71,1.28,2021-08-01,0837,Terra,MODIS,75,6.1NRT,307.5,180.22,D
37.01422,27.73429,400.76,1.71,1.28,2021-08-01,0837,Terra,MODIS,75,6.1NRT,310.64,522,D
37.01249,27.75269,343.96,1.7,1.28,2021-08-01,0837,Terra,MODIS,68,6.1NRT,308.42,69.91,D
37.00456,27.71276,422.04,1.71,1.28,2021-08-01,0837,Terra,MODIS,87,6.1NRT,313.42,896.35,D
37.00283,27.73129,404.24,1.71,1.28,2021-08-01,0837,Terra,MODIS,87,6.1NRT,305.62,601.12,D
37.0021,28.77721,325.18,1.48,1.2,2021-08-01,0837,Terra,MODIS,40,6.1NRT,310.12,18.04,D
37.00386,28.76007,324.29,1.49,1.2,2021-08-01,0837,Terra,MODIS,30,6.1NRT,309.59,14.97,D
37.0129,28.77857,323.58,1.48,1.2,2021-08-01,0837,Terra,MODIS,27,6.1NRT,310.02,16.23,D
37.01458,28.76233,323.58,1.49,1.2,2021-08-01,0837,Terra,MODIS,24,6.1NRT,307.54,15.31,D
36.74836,28.14692,333.42,2.78,1.59,2021-08-01,1155,Aqua,MODIS,60,6.1NRT,307.83,74.45,D
36.77531,28.14758,361.7,2.78,1.59,2021-08-01,1155,Aqua,MODIS,75,6.1NRT,313.45,319.62,D
37.07495,27.69598,338.5,2.62,1.55,2021-08-01,1155,Aqua,MODIS,76,6.1NRT,313.11,91.67,D
37.00521,27.70584,364.68,2.62,1.55,2021-08-01,1155,Aqua,MODIS,100,6.1NRT,315.34,375.91,D
36.76107,28.15039,356.78,2.78,1.59,2021-08-01,1155,Aqua,MODIS,85,6.1NRT,310.23,274.53,D
36.74667,28.15123,332.52,2.78,1.59,2021-08-01,1155,Aqua,MODIS,68,6.1NRT,307.45,71.2,D
37.00905,27.76455,353.98,2.64,1.56,2021-08-01,1155,Aqua,MODIS,0,6.1NRT,309.04,226.33,D
37.02295,27.76104,360.17,2.64,1.56,2021-08-01,1155,Aqua,MODIS,87,6.1NRT,311.82,286.09,D
37.02097,27.7312,357.48,2.63,1.56,2021-08-01,1155,Aqua,MODIS,85,6.1NRT,314.3,256.81,D
37.01907,27.70252,350.9,2.62,1.55,2021-08-01,1155,Aqua,MODIS,71,6.1NRT,315.76,194.33,D
37.01709,27.67287,335.43,2.61,1.55,2021-08-01,1155,Aqua,MODIS,32,6.1NRT,311.33,81.5,D
37.03885,27.78746,338.62,2.65,1.56,2021-08-01,1155,Aqua,MODIS,67,6.1NRT,308.12,99.37,D
37.01095,27.68171,357.77,2.61,1.55,2021-08-01,1155,Aqua,MODIS,0,6.1NRT,312.7,262.32,D
37.0131,27.71146,370.49,2.62,1.55,2021-08-01,1155,Aqua,MODIS,0,6.1NRT,316.47,417.89,D
37.01522,27.74091,357.56,2.63,1.56,2021-08-01,1155,Aqua,MODIS,0,6.1NRT,313.6,264.68,D
37.01733,27.77023,344.39,2.64,1.56,2021-08-01,1155,Aqua,MODIS,0,6.1NRT,307.58,145.02,D
37.00139,27.74473,366,2.63,1.56,2021-08-01,1155,Aqua,MODIS,100,6.1NRT,312.7,394.8,D
37.07901,27.69141,337.04,2.62,1.55,2021-08-01,1155,Aqua,MODIS,46,6.1NRT,313.26,78.88,D
37.03679,27.75668,373.48,2.64,1.56,2021-08-01,1155,Aqua,MODIS,100,6.1NRT,318.9,454.01,D
37.03294,27.69946,349.68,2.62,1.55,2021-08-01,1155,Aqua,MODIS,94,6.1NRT,315.45,182.96,D
37.03102,27.67096,330.35,2.61,1.55,2021-08-01,1155,Aqua,MODIS,40,6.1NRT,310.91,56.46,D
37.01731,27.47108,327.44,2.53,1.53,2021-08-01,1155,Aqua,MODIS,0,6.1NRT,310.53,40.58,D
37.05265,27.78232,339.87,2.65,1.56,2021-08-01,1155,Aqua,MODIS,72,6.1NRT,307.97,108.85,D
37.05058,27.75191,358.23,2.64,1.56,2021-08-01,1155,Aqua,MODIS,99,6.1NRT,315.68,265.32,D
37.06463,27.75081,342.91,2.64,1.56,2021-08-01,1155,Aqua,MODIS,74,6.1NRT,310.9,129.44,D
36.84212,28.19338,325.03,2.8,1.6,2021-08-01,1155,Aqua,MODIS,56,6.1NRT,311.87,30.01,D
36.83871,28.2015,327.76,2.8,1.6,2021-08-01,1155,Aqua,MODIS,50,6.1NRT,311.96,40.19,D
37.07753,27.69357,308.46,2.19,1.43,2021-08-01,1938,Terra,MODIS,14,6.1NRT,298.39,14.03,N
37.07643,27.68822,308.91,2.19,1.43,2021-08-01,1938,Terra,MODIS,1,6.1NRT,298.18,14.39,N
36.81225,28.15216,319.19,2.08,1.4,2021-08-01,1938,Terra,MODIS,98,6.1NRT,300.76,37.55,N
36.81308,28.14607,322.08,2.08,1.4,2021-08-01,1938,Terra,MODIS,100,6.1NRT,300.82,46.32,N
37.00982,28.78175,307.69,1.89,1.34,2021-08-01,1938,Terra,MODIS,15,6.1NRT,297.67,11.38,N
37.00584,28.76228,314.71,1.89,1.34,2021-08-01,1938,Terra,MODIS,79,6.1NRT,297.44,22.67,N
37.0653,27.699,360.19,2.19,1.43,2021-08-01,1938,Terra,MODIS,100,6.1NRT,300.24,257.93,N
37.06879,27.77792,316.13,2.16,1.43,2021-08-01,1938,Terra,MODIS,92,6.1NRT,299.96,30.02,N
37.05632,27.78185,322.1,2.16,1.43,2021-08-01,1938,Terra,MODIS,100,6.1NRT,302.3,46.55,N
37.04344,27.78389,334.72,2.16,1.43,2021-08-01,1938,Terra,MODIS,100,6.1NRT,304.78,93.48,N
37.04884,27.80897,327.38,2.15,1.43,2021-08-01,1938,Terra,MODIS,100,6.1NRT,301.48,63.7,N
37.02545,27.7624,317.54,2.17,1.43,2021-08-01,1938,Terra,MODIS,95,6.1NRT,301.89,31.76,N
37.03056,27.78597,342.34,2.16,1.43,2021-08-01,1938,Terra,MODIS,100,6.1NRT,306.4,129.83,N
37.0355,27.80884,336.88,2.15,1.43,2021-08-01,1938,Terra,MODIS,100,6.1NRT,305.44,102.35,N
37.01269,27.76513,318.26,2.17,1.43,2021-08-01,1938,Terra,MODIS,96,6.1NRT,302.61,32.05,N
37.01781,27.78872,340.23,2.16,1.43,2021-08-01,1938,Terra,MODIS,100,6.1NRT,306.58,119.03,N
37.02271,27.81125,358.71,2.15,1.43,2021-08-01,1938,Terra,MODIS,100,6.1NRT,307.55,239.08,N
37.00499,27.79111,336.88,2.16,1.43,2021-08-01,1938,Terra,MODIS,100,6.1NRT,304.52,105.09,N
37.01013,27.81466,358.36,2.15,1.43,2021-08-01,1938,Terra,MODIS,100,6.1NRT,305.58,239.8,N
37.02625,27.76858,325.32,2.17,1.43,2021-08-01,1938,Terra,MODIS,100,6.1NRT,303.02,53.53,N
37.03109,27.79163,343.8,2.16,1.43,2021-08-01,1938,Terra,MODIS,100,6.1NRT,307.14,134.27,N
37.03591,27.81459,328.58,2.15,1.43,2021-08-01,1938,Terra,MODIS,100,6.1NRT,303.98,66.51,N
37.01356,27.77159,323.84,2.17,1.43,2021-08-01,1938,Terra,MODIS,100,6.1NRT,303.24,48.16,N
37.01835,27.7943,354.77,2.16,1.43,2021-08-01,1938,Terra,MODIS,100,6.1NRT,307.94,207.12,N
37.02322,27.81742,353.16,2.15,1.43,2021-08-01,1938,Terra,MODIS,100,6.1NRT,305.82,195.13,N
37.01062,27.82066,350.92,2.15,1.43,2021-08-01,1938,Terra,MODIS,100,6.1NRT,303.45,187.89,N
37.06965,27.7775,318.46,1.16,1.07,2021-08-01,2356,Aqua,MODIS,96,6.1NRT,299.33,15.63,N
37.06806,27.7904,328.09,1.16,1.07,2021-08-01,2356,Aqua,MODIS,100,6.1NRT,300.45,28,N
37.06981,27.69647,312.35,1.17,1.08,2021-08-01,2356,Aqua,MODIS,81,6.1NRT,298.77,10.3,N
37.05853,27.78845,318.58,1.16,1.07,2021-08-01,2356,Aqua,MODIS,26,6.1NRT,301.19,13.72,N
36.7287,28.14438,312.74,1.11,1.05,2021-08-01,2356,Aqua,MODIS,84,6.1NRT,299.68,9.29,N
36.81203,28.14037,308.14,1.12,1.05,2021-08-01,2356,Aqua,MODIS,63,6.1NRT,297.81,5.43,N
36.81984,28.15474,312.81,1.11,1.05,2021-08-01,2356,Aqua,MODIS,84,6.1NRT,299.45,9.68,N
37.01074,27.69808,311.57,1.17,1.07,2021-08-01,2356,Aqua,MODIS,78,6.1NRT,300.79,8.38,N
37.02544,27.81954,320.66,1.15,1.07,2021-08-01,2356,Aqua,MODIS,70,6.1NRT,302.79,13.57,N
37.027,27.80669,318.84,1.15,1.07,2021-08-01,2356,Aqua,MODIS,57,6.1NRT,303.88,10.98,N
37.03955,27.78382,323.69,1.16,1.07,2021-08-01,2356,Aqua,MODIS,73,6.1NRT,302.95,18.73,N
37.04584,27.81225,336.57,1.15,1.07,2021-08-01,2356,Aqua,MODIS,100,6.1NRT,304.18,39.48,N
37.04742,27.79939,321.93,1.16,1.07,2021-08-01,2356,Aqua,MODIS,79,6.1NRT,303.24,16.45,N
37.05857,27.7081,327.02,1.17,1.07,2021-08-01,2356,Aqua,MODIS,100,6.1NRT,299.52,27.34,N
37.06021,27.69471,316.83,1.17,1.08,2021-08-01,2356,Aqua,MODIS,93,6.1NRT,298.22,14.54,N
37.05693,27.80143,329.83,1.16,1.07,2021-08-01,2356,Aqua,MODIS,99,6.1NRT,300.73,28.67,N
37.01508,28.77386,326.07,1.07,1.03,2021-08-01,2356,Aqua,MODIS,100,6.1NRT,297.15,23.81,N
37.08601,27.74684,311.55,1.16,1.07,2021-08-01,2356,Aqua,MODIS,81,6.1NRT,299.65,9.43,N
37.01359,28.78532,328.44,1.07,1.03,2021-08-01,2356,Aqua,MODIS,100,6.1NRT,298.8,26.76,N
37.00589,28.77212,345.95,1.07,1.03,2021-08-01,2356,Aqua,MODIS,100,6.1NRT,298.79,56.34,N
37.00446,28.78314,339.19,1.07,1.03,2021-08-01,2356,Aqua,MODIS,100,6.1NRT,300.23,43.01,N
36.49489,29.30012,320.52,1.03,1.01,2021-08-01,2356,Aqua,MODIS,100,6.1NRT,301.17,16.31,N
37.08284,27.77344,315.3,1.16,1.07,2021-08-01,2356,Aqua,MODIS,90,6.1NRT,298.4,12.66,N
37.08084,27.76608,313.58,1.16,1.07,2021-08-01,2356,Aqua,MODIS,84,6.1NRT,298.96,11.05,N
37.07921,27.77926,309.59,1.16,1.07,2021-08-01,2356,Aqua,MODIS,55,6.1NRT,298.24,7.31,N
37.02631,28.78012,321.36,1.58,1.24,2021-08-02,0920,Terra,MODIS,59,6.1NRT,304.58,20.38,D
37.01525,28.77797,373.42,1.58,1.24,2021-08-02,0920,Terra,MODIS,100,6.1NRT,308.75,231.76,D
37.01151,28.79692,327.27,1.58,1.24,2021-08-02,0920,Terra,MODIS,73,6.1NRT,305.37,30.5,D
37.00442,28.77464,336.02,1.58,1.24,2021-08-02,0920,Terra,MODIS,84,6.1NRT,307.36,53.39,D
37.00022,28.7958,321.57,1.58,1.24,2021-08-02,0920,Terra,MODIS,54,6.1NRT,306.71,17.98,D
37.00423,28.76746,322.37,1.58,1.24,2021-08-02,0920,Terra,MODIS,60,6.1NRT,307.32,19.48,D
37.00044,28.7873,326.88,1.58,1.24,2021-08-02,0920,Terra,MODIS,72,6.1NRT,307.2,28.82,D
36.50526,29.28709,348.62,1.74,1.29,2021-08-02,0920,Terra,MODIS,93,6.1NRT,317.78,97.42,D
36.50135,29.3067,340.12,1.74,1.29,2021-08-02,0920,Terra,MODIS,87,6.1NRT,317.99,58.98,D
36.49388,29.2839,399.26,1.74,1.29,2021-08-02,0920,Terra,MODIS,100,6.1NRT,317.96,523.92,D
37.01855,27.69848,345.15,1.38,1.16,2021-08-02,0920,Terra,MODIS,56,6.1NRT,318.68,46.39,D
37.02136,27.68312,370.08,1.37,1.16,2021-08-02,0920,Terra,MODIS,87,6.1NRT,315.9,155.36,D
37.01115,27.71897,351.09,1.38,1.16,2021-08-02,0920,Terra,MODIS,95,6.1NRT,319.96,63.93,D
37.01689,27.68863,378.58,1.37,1.16,2021-08-02,0920,Terra,MODIS,100,6.1NRT,319.64,205.11,D
37.01981,27.67317,338.11,1.37,1.16,2021-08-02,0920,Terra,MODIS,58,6.1NRT,311.49,37.17,D
37.03743,27.6938,383.76,1.37,1.16,2021-08-02,0920,Terra,MODIS,100,6.1NRT,318.06,232.95,D
37.02465,27.8192,327.71,1.4,1.17,2021-08-02,0920,Terra,MODIS,32,6.1NRT,314.49,13.94,D
37.04767,27.69658,459.23,1.37,1.16,2021-08-02,0920,Terra,MODIS,100,6.1NRT,340.25,1302.88,D
37.05048,27.68154,402.27,1.37,1.16,2021-08-02,0920,Terra,MODIS,100,6.1NRT,319.07,393.47,D
37.03501,27.82174,339.29,1.4,1.17,2021-08-02,0920,Terra,MODIS,82,6.1NRT,317.01,41.35,D
37.05788,27.69949,378.34,1.37,1.16,2021-08-02,0920,Terra,MODIS,100,6.1NRT,325.36,199.46,D
37.06066,27.6846,360.89,1.37,1.16,2021-08-02,0920,Terra,MODIS,100,6.1NRT,317.33,109.35,D
37.04562,27.82288,368.38,1.4,1.17,2021-08-02,0920,Terra,MODIS,100,6.1NRT,320.6,153.27,D
37.04871,27.80626,356.94,1.39,1.17,2021-08-02,0920,Terra,MODIS,98,6.1NRT,315.8,97.69,D
37.06812,27.70221,384.25,1.37,1.16,2021-08-02,0920,Terra,MODIS,100,6.1NRT,325.38,238.63,D
37.07077,27.68797,387.36,1.37,1.16,2021-08-02,0920,Terra,MODIS,100,6.1NRT,322.5,263.08,D
37.06181,27.79403,364.57,1.39,1.17,2021-08-02,0920,Terra,MODIS,100,6.1NRT,315.67,131.26,D
37.06466,27.77869,337.76,1.39,1.17,2021-08-02,0920,Terra,MODIS,37,6.1NRT,316.1,32,D
37.07206,27.79699,332.44,1.39,1.17,2021-08-02,0920,Terra,MODIS,63,6.1NRT,313.46,27.51,D
37.0783,27.70531,353.52,1.37,1.16,2021-08-02,0920,Terra,MODIS,96,6.1NRT,321.19,78.57,D
37.08094,27.69113,365.79,1.37,1.16,2021-08-02,0920,Terra,MODIS,100,6.1NRT,322.41,131.74,D
37.07491,27.78163,340.41,1.39,1.17,2021-08-02,0920,Terra,MODIS,87,6.1NRT,313.99,45.42,D
37.07762,27.767,332.66,1.39,1.17,2021-08-02,0920,Terra,MODIS,37,6.1NRT,314.66,23.16,D
36.7621,28.15884,327.15,1.47,1.2,2021-08-02,0920,Terra,MODIS,68,6.1NRT,312.05,17.44,D
37.04454,27.80533,371.69,1.39,1.17,2021-08-02,1100,Aqua,MODIS,100,6.1NRT,320.32,167.23,D
37.02421,27.69572,387.35,1.41,1.18,2021-08-02,1100,Aqua,MODIS,94,6.1NRT,325.13,261.83,D
37.0213,27.68008,403.8,1.41,1.18,2021-08-02,1100,Aqua,MODIS,94,6.1NRT,325.82,418.31,D
37.0549,27.80289,337.42,1.39,1.17,2021-08-02,1100,Aqua,MODIS,52,6.1NRT,313.49,31.43,D
37.052,27.78716,339.63,1.39,1.17,2021-08-02,1100,Aqua,MODIS,73,6.1NRT,315.34,34.99,D
37.03457,27.69287,421.19,1.41,1.18,2021-08-02,1100,Aqua,MODIS,100,6.1NRT,332.64,628.64,D
37.03168,27.67732,428.2,1.41,1.18,2021-08-02,1100,Aqua,MODIS,100,6.1NRT,333.59,738.49,D
37.06234,27.78457,354.82,1.39,1.17,2021-08-02,1100,Aqua,MODIS,97,6.1NRT,317.39,85.86,D
37.04489,27.68983,367.14,1.41,1.18,2021-08-02,1100,Aqua,MODIS,100,6.1NRT,324.87,139.53,D
37.05813,27.70265,353.42,1.41,1.17,2021-08-02,1100,Aqua,MODIS,96,6.1NRT,321.51,74.82,D
37.05523,27.68691,398.46,1.41,1.18,2021-08-02,1100,Aqua,MODIS,100,6.1NRT,326.75,367.01,D
37.06842,27.69947,344.91,1.41,1.17,2021-08-02,1100,Aqua,MODIS,65,6.1NRT,322.16,48.2,D
37.06551,27.68363,349.05,1.41,1.18,2021-08-02,1100,Aqua,MODIS,82,6.1NRT,318.96,64.04,D
37.06252,27.69559,364.74,1.41,1.17,2021-08-02,1100,Aqua,MODIS,100,6.1NRT,323.34,128.33,D
37.05963,27.68029,357.82,1.41,1.18,2021-08-02,1100,Aqua,MODIS,98,6.1NRT,320.08,99.85,D
37.07277,27.6922,361.63,1.41,1.17,2021-08-02,1100,Aqua,MODIS,100,6.1NRT,323.91,113.69,D
36.51306,29.29639,367.76,1.2,1.09,2021-08-02,1100,Aqua,MODIS,100,6.1NRT,313.78,117.5,D
36.49896,29.2729,338.46,1.21,1.09,2021-08-02,1100,Aqua,MODIS,69,6.1NRT,311.96,33.76,D
36.50122,29.28605,389.31,1.2,1.09,2021-08-02,1100,Aqua,MODIS,100,6.1NRT,324.67,232.34,D
36.50344,29.29902,344.95,1.2,1.09,2021-08-02,1100,Aqua,MODIS,90,6.1NRT,315.33,41.26,D
36.48935,29.27556,337.25,1.21,1.09,2021-08-02,1100,Aqua,MODIS,68,6.1NRT,313.38,30.03,D
36.49158,29.28858,353.08,1.2,1.09,2021-08-02,1100,Aqua,MODIS,96,6.1NRT,317.82,66.67,D
37.08298,27.68864,334.21,1.41,1.17,2021-08-02,1100,Aqua,MODIS,69,6.1NRT,319.54,20.82,D
37.08171,27.73965,331.15,1.4,1.17,2021-08-02,1100,Aqua,MODIS,23,6.1NRT,316.77,15.04,D
37.08473,27.75569,338,1.4,1.17,2021-08-02,1100,Aqua,MODIS,79,6.1NRT,315.52,34.71,D
37.07449,27.75884,340.88,1.4,1.17,2021-08-02,1100,Aqua,MODIS,78,6.1NRT,316.91,40.74,D
37.07746,27.77459,340.22,1.39,1.17,2021-08-02,1100,Aqua,MODIS,77,6.1NRT,313.6,41.32,D
37.07998,27.76274,359.68,1.4,1.17,2021-08-02,1100,Aqua,MODIS,99,6.1NRT,316.94,105.93,D
37.02201,28.76863,324.82,1.25,1.11,2021-08-02,1100,Aqua,MODIS,49,6.1NRT,307.39,14.76,D
37.01236,28.77194,355.31,1.25,1.11,2021-08-02,1100,Aqua,MODIS,97,6.1NRT,313.27,85.14,D
37.01464,28.78483,333.37,1.24,1.11,2021-08-02,1100,Aqua,MODIS,77,6.1NRT,309.37,28.72,D
37.00254,28.77435,336.39,1.25,1.11,2021-08-02,1100,Aqua,MODIS,81,6.1NRT,309.7,34.85,D
36.99259,28.776,332.95,1.25,1.11,2021-08-02,1100,Aqua,MODIS,76,6.1NRT,309.47,27.71,D
36.52214,29.27402,325.88,1.2,1.09,2021-08-02,1100,Aqua,MODIS,53,6.1NRT,307.75,13.22,D
36.51023,29.26356,325.2,1.21,1.09,2021-08-02,1100,Aqua,MODIS,43,6.1NRT,307.32,13.54,D
36.51248,29.27637,382.64,1.2,1.09,2021-08-02,1100,Aqua,MODIS,100,6.1NRT,315.69,197.3,D
36.51472,29.28917,384.02,1.2,1.09,2021-08-02,1100,Aqua,MODIS,100,6.1NRT,315.04,202.01,D
36.50863,29.27055,342.51,1.21,1.09,2021-08-02,1100,Aqua,MODIS,88,6.1NRT,310.06,43.97,D
36.51085,29.28344,420.49,1.2,1.09,2021-08-02,1100,Aqua,MODIS,100,6.1NRT,323.45,502.12,D
36.81788,28.15494,347.09,1.35,1.15,2021-08-02,1100,Aqua,MODIS,91,6.1NRT,320.45,54.27,D
36.81507,28.1396,349.27,1.35,1.15,2021-08-02,1100,Aqua,MODIS,88,6.1NRT,320.89,62.32,D
37.01596,27.826,372.22,1.39,1.17,2021-08-02,1100,Aqua,MODIS,100,6.1NRT,318.77,185.38,D
37.02631,27.82356,338.78,1.39,1.17,2021-08-02,1100,Aqua,MODIS,62,6.1NRT,317.16,35.95,D
37.02344,27.80814,364.19,1.39,1.17,2021-08-02,1100,Aqua,MODIS,75,6.1NRT,320.93,126.25,D
37.03667,27.82115,371.79,1.39,1.17,2021-08-02,1100,Aqua,MODIS,100,6.1NRT,323.57,169.46,D
37.03383,27.80583,363.11,1.39,1.17,2021-08-02,1100,Aqua,MODIS,100,6.1NRT,320.15,122.63,D
37.01374,27.69793,369.58,1.41,1.18,2021-08-02,1100,Aqua,MODIS,0,6.1NRT,324.66,150.27,D
37.00806,27.66759,372.07,1.42,1.18,2021-08-02,1100,Aqua,MODIS,0,6.1NRT,322.2,170.4,D
37.04732,27.82034,347.35,1.39,1.17,2021-08-02,1100,Aqua,MODIS,92,6.1NRT,316.22,63.27,D
37.04908,27.8284,334.27,1.15,1.07,2021-08-02,2021,Terra,MODIS,100,6.1NRT,305.69,34.24,N
37.07603,27.77743,322.57,1.15,1.07,2021-08-02,2021,Terra,MODIS,100,6.1NRT,301.65,19.49,N
37.08558,27.77589,312.82,1.15,1.07,2021-08-02,2021,Terra,MODIS,83,6.1NRT,301.07,8.78,N
36.77183,28.1383,315.24,1.18,1.08,2021-08-02,2021,Terra,MODIS,90,6.1NRT,302.53,11.21,N
36.78146,28.1363,319.4,1.18,1.08,2021-08-02,2021,Terra,MODIS,98,6.1NRT,303.64,15.6,N
36.77999,28.12374,322.25,1.18,1.08,2021-08-02,2021,Terra,MODIS,100,6.1NRT,302.24,19.12,N
37.49533,28.42181,312.64,1.24,1.1,2021-08-02,2021,Terra,MODIS,84,6.1NRT,297.6,11.62,N
36.99776,28.78845,336.61,1.27,1.12,2021-08-02,2021,Terra,MODIS,100,6.1NRT,304.53,48.02,N
36.99607,28.77298,322.09,1.27,1.12,2021-08-02,2021,Terra,MODIS,100,6.1NRT,300.21,21.25,N
37.00775,28.78666,333.04,1.27,1.12,2021-08-02,2021,Terra,MODIS,100,6.1NRT,303.1,40.97,N
37.01754,28.78311,321.12,1.27,1.12,2021-08-02,2021,Terra,MODIS,100,6.1NRT,300.93,21.71,N
37.02746,28.78078,315.91,1.27,1.12,2021-08-02,2021,Terra,MODIS,91,6.1NRT,297.61,15.82,N
37.48244,28.39601,317.43,1.23,1.1,2021-08-02,2021,Terra,MODIS,95,6.1NRT,299.37,16.71,N
37.48392,28.4095,326.83,1.23,1.1,2021-08-02,2021,Terra,MODIS,100,6.1NRT,301.12,29.02,N
37.4854,28.42298,317.67,1.24,1.1,2021-08-02,2021,Terra,MODIS,95,6.1NRT,298.99,16.97,N
37.48075,28.38813,311.6,1.23,1.1,2021-08-02,2021,Terra,MODIS,81,6.1NRT,298.76,9.67,N
37.4823,28.40169,326.39,1.23,1.1,2021-08-02,2021,Terra,MODIS,100,6.1NRT,300.38,28.2,N
37.48383,28.41506,328.59,1.23,1.1,2021-08-02,2021,Terra,MODIS,100,6.1NRT,300.68,31.43,N
37.48538,28.42872,312.42,1.24,1.1,2021-08-02,2021,Terra,MODIS,74,6.1NRT,298.58,10.8,N
37.47089,28.38976,318.04,1.23,1.1,2021-08-02,2021,Terra,MODIS,96,6.1NRT,299.49,16.67,N
37.4724,28.4031,325.21,1.23,1.1,2021-08-02,2021,Terra,MODIS,100,6.1NRT,301.81,26.71,N
37.47394,28.41665,339.25,1.23,1.1,2021-08-02,2021,Terra,MODIS,100,6.1NRT,302.98,53.06,N
37.47553,28.43059,337,1.24,1.1,2021-08-02,2021,Terra,MODIS,100,6.1NRT,299.85,49.19,N
37.46103,28.39141,326.93,1.23,1.1,2021-08-02,2021,Terra,MODIS,100,6.1NRT,299.19,29.56,N
37.02219,27.84826,348.99,1.15,1.07,2021-08-02,2021,Terra,MODIS,100,6.1NRT,306.78,69.2,N
37.01912,27.82242,341.35,1.15,1.07,2021-08-02,2021,Terra,MODIS,100,6.1NRT,312.13,47.25,N
37.03018,27.83338,390.61,1.15,1.07,2021-08-02,2021,Terra,MODIS,100,6.1NRT,316.38,239.05,N
37.02864,27.82046,381.78,1.15,1.07,2021-08-02,2021,Terra,MODIS,100,6.1NRT,312.89,187.31,N
37.02712,27.80768,316.21,1.15,1.07,2021-08-02,2021,Terra,MODIS,64,6.1NRT,305.08,8.61,N
37.00878,27.65487,313.62,1.13,1.06,2021-08-02,2021,Terra,MODIS,85,6.1NRT,302.43,8.36,N
37.03967,27.83117,344.45,1.15,1.07,2021-08-02,2021,Terra,MODIS,100,6.1NRT,307.01,53.92,N
37.03811,27.81815,322.41,1.15,1.07,2021-08-02,2021,Terra,MODIS,100,6.1NRT,304.71,15.06,N
37.02128,27.67813,317.87,1.13,1.06,2021-08-02,2021,Terra,MODIS,95,6.1NRT,302.63,12.5,N
37.01975,27.66548,321.27,1.13,1.06,2021-08-02,2021,Terra,MODIS,100,6.1NRT,301.98,15.83,N
37.04744,27.81487,338.22,1.15,1.07,2021-08-02,2021,Terra,MODIS,100,6.1NRT,307.01,41.32,N
37.03074,27.67619,316.35,1.13,1.06,2021-08-02,2021,Terra,MODIS,92,6.1NRT,300.91,11.45,N
37.05194,27.82137,345.71,1.15,1.07,2021-08-02,2021,Terra,MODIS,100,6.1NRT,306.81,59.73,N
37.05042,27.80824,333.47,1.15,1.07,2021-08-02,2021,Terra,MODIS,100,6.1NRT,306.1,34.77,N
37.03572,27.68251,319.36,1.14,1.06,2021-08-02,2021,Terra,MODIS,98,6.1NRT,300.5,16.24,N
37.05997,27.80664,325.68,1.15,1.07,2021-08-02,2021,Terra,MODIS,100,6.1NRT,302.37,23.06,N
37.05848,27.79386,321.72,1.15,1.07,2021-08-02,2021,Terra,MODIS,100,6.1NRT,302.26,18.19,N
37.068,27.79197,317.35,1.15,1.07,2021-08-02,2021,Terra,MODIS,94,6.1NRT,302.22,12.96,N
37.46255,28.40488,328.27,1.23,1.1,2021-08-02,2021,Terra,MODIS,100,6.1NRT,301.48,31.57,N
37.46409,28.41848,350.87,1.23,1.1,2021-08-02,2021,Terra,MODIS,100,6.1NRT,308.7,82.99,N
37.4657,28.43267,350.43,1.24,1.1,2021-08-02,2021,Terra,MODIS,100,6.1NRT,304.32,83.19,N
37.45116,28.39309,341.14,1.23,1.1,2021-08-02,2021,Terra,MODIS,100,6.1NRT,300.03,56.69,N
37.45274,28.40698,346.42,1.23,1.1,2021-08-02,2021,Terra,MODIS,100,6.1NRT,303.08,69.07,N
37.45427,28.42061,358.36,1.23,1.1,2021-08-02,2021,Terra,MODIS,100,6.1NRT,306.72,106.92,N
37.45584,28.43455,347.53,1.24,1.1,2021-08-02,2021,Terra,MODIS,100,6.1NRT,302.29,74.22,N
37.4429,28.4089,324.15,1.23,1.1,2021-08-02,2021,Terra,MODIS,100,6.1NRT,300.9,24.62,N
37.44446,28.42278,376.4,1.23,1.1,2021-08-02,2021,Terra,MODIS,100,6.1NRT,311.73,184.93,N
37.44601,28.43666,343.77,1.24,1.1,2021-08-02,2021,Terra,MODIS,100,6.1NRT,302.03,64.3,N
37.43462,28.42478,354.01,1.23,1.1,2021-08-02,2021,Terra,MODIS,100,6.1NRT,303.26,93.43,N
37.01993,27.67059,311.35,2.1,1.41,2021-08-03,0039,Aqua,MODIS,50,6.1NRT,300.55,18.62,N
37.02105,27.67636,312.99,2.1,1.41,2021-08-03,0039,Aqua,MODIS,82,6.1NRT,300.69,22.58,N
37.02768,27.82819,312.88,2.15,1.42,2021-08-03,0039,Aqua,MODIS,65,6.1NRT,302.46,22.74,N
37.07611,27.78794,310.07,2.13,1.42,2021-08-03,0039,Aqua,MODIS,77,6.1NRT,298.93,19.16,N
37.01189,28.81172,322,2.48,1.52,2021-08-03,0039,Aqua,MODIS,100,6.1NRT,298.38,62.99,N
37.01814,28.78397,328.03,2.47,1.51,2021-08-03,0039,Aqua,MODIS,100,6.1NRT,298.47,87.34,N
37.02602,28.81182,309.36,2.48,1.52,2021-08-03,0039,Aqua,MODIS,70,6.1NRT,294.77,25.61,N
37.0319,28.78561,313.83,2.47,1.51,2021-08-03,0039,Aqua,MODIS,88,6.1NRT,296.39,37.76,N
37.44431,28.4374,307.94,2.29,1.46,2021-08-03,0039,Aqua,MODIS,73,6.1NRT,293.83,24.39,N
37.44644,28.43288,307.52,2.29,1.46,2021-08-03,0039,Aqua,MODIS,72,6.1NRT,293.98,22.57,N
37.05316,27.83322,319.44,2.15,1.42,2021-08-03,0039,Aqua,MODIS,98,6.1NRT,301.99,40.92,N
37.05878,27.80701,313.63,2.14,1.42,2021-08-03,0039,Aqua,MODIS,87,6.1NRT,300.13,25.89,N
36.669,29.53649,324.79,2.04,1.39,2021-08-03,0824,Terra,MODIS,51,6.1NRT,307.63,31.45,D
36.65853,29.54002,320.82,2.04,1.39,2021-08-03,0824,Terra,MODIS,32,6.1NRT,308.63,21.98,D
36.66072,29.51293,322.22,2.04,1.39,2021-08-03,0824,Terra,MODIS,42,6.1NRT,308.85,23.91,D
36.99091,28.78287,331.64,2.29,1.47,2021-08-03,0824,Terra,MODIS,56,6.1NRT,311.11,55.04,D
36.99868,28.81592,329.15,2.29,1.46,2021-08-03,0824,Terra,MODIS,25,6.1NRT,310.59,44.17,D
38.05419,28.68378,327.21,2.4,1.49,2021-08-03,0824,Terra,MODIS,66,6.1NRT,308.04,52.8,D
37.06304,27.68942,373.4,2.7,1.57,2021-08-03,0824,Terra,MODIS,100,6.1NRT,316.31,471.07,D
37.05496,27.81473,335.94,2.65,1.56,2021-08-03,0824,Terra,MODIS,74,6.1NRT,311.34,79.27,D
37.03934,27.83744,341.14,2.64,1.56,2021-08-03,0824,Terra,MODIS,75,6.1NRT,315.35,106.13,D
37.05958,27.68218,367.12,2.7,1.57,2021-08-03,0824,Terra,MODIS,100,6.1NRT,314.72,378.88,D
37.05731,27.71457,334.89,2.69,1.57,2021-08-03,0824,Terra,MODIS,66,6.1NRT,314.77,70.04,D
37.04895,27.83315,340.72,2.64,1.56,2021-08-03,0824,Terra,MODIS,80,6.1NRT,313.91,107.2,D
37.03511,27.82899,334.27,2.64,1.56,2021-08-03,0824,Terra,MODIS,38,6.1NRT,315.02,62.78,D
37.03125,27.6788,332.31,2.7,1.57,2021-08-03,0824,Terra,MODIS,45,6.1NRT,312.78,63.56,D
36.98707,28.79632,393.27,1.95,1.36,2021-08-03,1145,Aqua,MODIS,100,6.1NRT,328.79,529.19,D
36.98507,28.77289,339.67,1.95,1.36,2021-08-03,1145,Aqua,MODIS,80,6.1NRT,311.87,70.32,D
37.00093,28.81385,347.74,1.96,1.37,2021-08-03,1145,Aqua,MODIS,92,6.1NRT,313.95,109.07,D
36.99914,28.79295,353.11,1.95,1.36,2021-08-03,1145,Aqua,MODIS,96,6.1NRT,313.58,139.47,D
37.01115,28.78891,334.76,1.95,1.36,2021-08-03,1145,Aqua,MODIS,77,6.1NRT,310.37,52.17,D
37.02307,28.78408,332.23,1.95,1.36,2021-08-03,1145,Aqua,MODIS,76,6.1NRT,312.61,47.52,D
37.0136,28.78228,329.16,1.95,1.36,2021-08-03,1145,Aqua,MODIS,50,6.1NRT,311.04,33.02,D
37.01582,27.84622,374.83,1.7,1.28,2021-08-03,1145,Aqua,MODIS,100,6.1NRT,313.88,275.26,D
37.02716,27.84299,435.05,1.7,1.28,2021-08-03,1145,Aqua,MODIS,0,6.1NRT,332.39,1123.15,D
37.02537,27.82416,356.14,1.7,1.28,2021-08-03,1145,Aqua,MODIS,74,6.1NRT,320.76,115.4,D
37.00913,27.65449,347.58,1.66,1.27,2021-08-03,1145,Aqua,MODIS,59,6.1NRT,317.9,75.3,D
37.03863,27.84109,382.38,1.7,1.28,2021-08-03,1145,Aqua,MODIS,94,6.1NRT,320.26,307.74,D
37.03677,27.82169,358.63,1.7,1.28,2021-08-03,1145,Aqua,MODIS,99,6.1NRT,319.42,128.98,D
37.02667,27.85565,405.92,1.71,1.28,2021-08-03,1145,Aqua,MODIS,100,6.1NRT,324.74,608.74,D
37.00971,27.66593,350.3,1.66,1.27,2021-08-03,1145,Aqua,MODIS,79,6.1NRT,320.49,83.64,D
37.03803,27.85225,341.19,1.71,1.28,2021-08-03,1145,Aqua,MODIS,64,6.1NRT,315.65,50.84,D
37.03646,27.83466,386.26,1.7,1.28,2021-08-03,1145,Aqua,MODIS,87,6.1NRT,323.01,343.31,D
37.04778,27.83104,361.25,1.7,1.28,2021-08-03,1145,Aqua,MODIS,100,6.1NRT,318.27,148.41,D
37.04587,27.80998,338.17,1.7,1.28,2021-08-03,1145,Aqua,MODIS,73,6.1NRT,315.41,38.76,D
37.03413,27.68098,341.5,1.67,1.27,2021-08-03,1145,Aqua,MODIS,46,6.1NRT,321.03,46.23,D
37.05729,27.80767,342.47,1.7,1.28,2021-08-03,1145,Aqua,MODIS,87,6.1NRT,314.03,60.39,D
37.02568,28.77878,328.79,1.95,1.36,2021-08-03,1145,Aqua,MODIS,61,6.1NRT,312.29,35.03,D
37.07847,27.7853,369.68,1.69,1.28,2021-08-03,1145,Aqua,MODIS,100,6.1NRT,316.84,208.11,D
37.07677,27.76699,371.16,1.69,1.28,2021-08-03,1145,Aqua,MODIS,100,6.1NRT,318.51,215.53,D
36.97679,28.82116,382.95,1.96,1.37,2021-08-03,1145,Aqua,MODIS,100,6.1NRT,306.72,398.93,D
36.97503,28.80022,422.01,1.95,1.36,2021-08-03,1145,Aqua,MODIS,100,6.1NRT,324.12,1054.54,D
36.97318,28.77817,377.9,1.95,1.36,2021-08-03,1145,Aqua,MODIS,100,6.1NRT,313.75,342.21,D
36.99072,28.83941,354.54,1.96,1.37,2021-08-03,1145,Aqua,MODIS,96,6.1NRT,314.2,150.68,D
36.6596,29.52766,361.65,2.15,1.43,2021-08-03,1145,Aqua,MODIS,100,6.1NRT,314.94,235.87,D
36.65788,29.50562,379.6,2.15,1.42,2021-08-03,1145,Aqua,MODIS,100,6.1NRT,316.78,419.05,D
36.97873,28.84423,333.37,1.96,1.37,2021-08-03,1145,Aqua,MODIS,66,6.1NRT,306.51,45.4,D
36.98882,28.81705,454.8,1.96,1.37,2021-08-03,1145,Aqua,MODIS,100,6.1NRT,338.44,2027.02,D
37.4151,28.43941,336.53,2.99,1.64,2021-08-03,1928,Terra,MODIS,100,6.1NRT,299.58,170.89,N
37.75464,28.53592,328.62,2.88,1.62,2021-08-03,1928,Terra,MODIS,100,6.1NRT,298.85,109.86,N
37.76021,28.55925,311.16,2.87,1.62,2021-08-03,1928,Terra,MODIS,80,6.1NRT,298.58,27.7,N
37.76605,28.5329,311.14,2.88,1.62,2021-08-03,1928,Terra,MODIS,74,6.1NRT,298.16,30.54,N
37.74595,28.51197,315.34,2.9,1.62,2021-08-03,1928,Terra,MODIS,90,6.1NRT,296.01,46.13,N
37.7526,28.54043,332.52,2.88,1.62,2021-08-03,1928,Terra,MODIS,100,6.1NRT,299.3,133.22,N
37.73152,28.51537,332.74,2.9,1.62,2021-08-03,1928,Terra,MODIS,100,6.1NRT,299.04,137,N
37.71756,28.52085,313.29,2.9,1.62,2021-08-03,1928,Terra,MODIS,86,6.1NRT,296.75,39.46,N
37.28775,28.63396,309.73,2.93,1.63,2021-08-03,1928,Terra,MODIS,78,6.1NRT,299.15,23.34,N
37.29568,28.66787,310.93,2.91,1.63,2021-08-03,1928,Terra,MODIS,81,6.1NRT,299.67,27.61,N
37.02847,28.79965,311.28,2.91,1.63,2021-08-03,1928,Terra,MODIS,54,6.1NRT,296.36,31.77,N
37.01284,28.79804,320.94,2.91,1.63,2021-08-03,1928,Terra,MODIS,100,6.1NRT,299.58,69.1,N
36.98319,28.80186,319.61,2.91,1.63,2021-08-03,1928,Terra,MODIS,74,6.1NRT,301.73,57.06,N
36.99104,28.83493,321.06,2.9,1.62,2021-08-03,1928,Terra,MODIS,97,6.1NRT,300.7,64.38,N
36.96849,28.80432,323.59,2.91,1.63,2021-08-03,1928,Terra,MODIS,98,6.1NRT,302.07,76.03,N
36.97607,28.83616,320.39,2.9,1.62,2021-08-03,1928,Terra,MODIS,86,6.1NRT,300.12,60.15,N
37.01176,28.80538,323.36,2.91,1.63,2021-08-03,1928,Terra,MODIS,100,6.1NRT,299.78,79.27,N
36.98194,28.80816,328.82,2.91,1.63,2021-08-03,1928,Terra,MODIS,100,6.1NRT,302.26,106.37,N
36.98947,28.84079,317.23,2.9,1.62,2021-08-03,1928,Terra,MODIS,79,6.1NRT,300.26,47.75,N
36.96763,28.81224,323.85,2.91,1.63,2021-08-03,1928,Terra,MODIS,100,6.1NRT,301.78,81.55,N
36.97481,28.8432,309.67,2.9,1.62,2021-08-03,1928,Terra,MODIS,18,6.1NRT,299.35,21.03,N
37.04815,27.88806,314.2,3.3,1.72,2021-08-03,1928,Terra,MODIS,88,6.1NRT,302.03,38.41,N
37.0397,27.85283,322.1,3.32,1.72,2021-08-03,1928,Terra,MODIS,100,6.1NRT,302.72,81.53,N
37.05454,27.84727,340.41,3.32,1.72,2021-08-03,1928,Terra,MODIS,100,6.1NRT,303.43,218.51,N
37.04661,27.81413,322.72,3.34,1.72,2021-08-03,1928,Terra,MODIS,100,6.1NRT,301.76,85.46,N
37.06206,27.811,311.29,3.34,1.72,2021-08-03,1928,Terra,MODIS,48,6.1NRT,299.91,30.09,N
37.04477,27.88453,318.09,3.3,1.72,2021-08-03,1928,Terra,MODIS,96,6.1NRT,302.31,56.78,N
37.03583,27.84825,319.89,3.32,1.72,2021-08-03,1928,Terra,MODIS,99,6.1NRT,302.73,68,N
37.0508,27.84319,339.51,3.32,1.72,2021-08-03,1928,Terra,MODIS,100,6.1NRT,303.79,212.99,N
37.04261,27.8099,314.09,3.34,1.72,2021-08-03,1928,Terra,MODIS,79,6.1NRT,301.54,42.83,N
37.05828,27.80754,312.42,3.34,1.72,2021-08-03,1928,Terra,MODIS,84,6.1NRT,300.24,37.95,N
37.31463,27.56293,316.56,3.39,1.74,2021-08-03,1928,Terra,MODIS,93,6.1NRT,302.59,52.45,N
36.9535,28.81709,319.61,2.91,1.63,2021-08-03,1928,Terra,MODIS,99,6.1NRT,301.46,61.81,N
37.40107,28.45184,345.55,2.99,1.64,2021-08-03,1928,Terra,MODIS,100,6.1NRT,300.28,247.27,N
37.39412,28.42184,323.83,3,1.65,2021-08-03,1928,Terra,MODIS,100,6.1NRT,296.98,93.76,N
37.40147,28.44706,350.4,2.99,1.64,2021-08-03,1928,Terra,MODIS,100,6.1NRT,300.78,294.78,N
37.39428,28.41688,312.87,3,1.65,2021-08-03,1928,Terra,MODIS,84,6.1NRT,296.4,42.58,N
37.05473,27.87028,311.11,1.66,1.27,2021-08-03,2344,Aqua,MODIS,48,6.1NRT,300.45,9.72,N
36.65457,29.51475,313.3,1.32,1.14,2021-08-03,2344,Aqua,MODIS,86,6.1NRT,299,15.17,N
36.67295,29.53559,325.32,1.32,1.14,2021-08-03,2344,Aqua,MODIS,100,6.1NRT,298.01,31.79,N
36.95,28.82362,313.95,1.46,1.19,2021-08-03,2344,Aqua,MODIS,45,6.1NRT,302.17,12.91,N
36.96056,28.82643,341.31,1.46,1.19,2021-08-03,2344,Aqua,MODIS,100,6.1NRT,305.14,69.93,N
36.96233,28.80916,317.29,1.46,1.19,2021-08-03,2344,Aqua,MODIS,73,6.1NRT,303.23,16.93,N
36.97124,28.82798,315.23,1.46,1.19,2021-08-03,2344,Aqua,MODIS,54,6.1NRT,302.48,12.55,N
36.98183,28.83042,353.31,1.46,1.19,2021-08-03,2344,Aqua,MODIS,100,6.1NRT,305.43,110.08,N
36.99084,28.84782,313.01,1.45,1.19,2021-08-03,2344,Aqua,MODIS,26,6.1NRT,301.36,11.17,N
36.9923,28.8339,346.35,1.46,1.19,2021-08-03,2344,Aqua,MODIS,100,6.1NRT,304.86,85.42,N
37.00301,28.83515,355.15,1.46,1.19,2021-08-03,2344,Aqua,MODIS,100,6.1NRT,305.3,119.54,N
37.00454,28.82059,348.13,1.46,1.19,2021-08-03,2344,Aqua,MODIS,100,6.1NRT,303.73,92.53,N
37.01505,28.82365,318.24,1.46,1.19,2021-08-03,2344,Aqua,MODIS,83,6.1NRT,299.49,19.91,N
37.0168,28.80714,318.29,1.46,1.19,2021-08-03,2344,Aqua,MODIS,85,6.1NRT,300.24,21.06,N
37.02721,28.81116,327.68,1.46,1.19,2021-08-03,2344,Aqua,MODIS,100,6.1NRT,298.65,39.79,N
37.02891,28.79519,317.32,1.46,1.2,2021-08-03,2344,Aqua,MODIS,95,6.1NRT,297.7,21.24,N
37.03942,28.79838,308.38,1.46,1.2,2021-08-03,2344,Aqua,MODIS,62,6.1NRT,294.33,10.99,N
37.02999,28.81792,307.26,1.46,1.19,2021-08-03,2344,Aqua,MODIS,31,6.1NRT,295.66,8.93,N
37.03143,28.80372,328.22,1.46,1.2,2021-08-03,2344,Aqua,MODIS,100,6.1NRT,297.79,43.06,N
37.29345,28.66334,313.69,1.5,1.21,2021-08-03,2344,Aqua,MODIS,87,6.1NRT,298.61,17.29,N
37.05812,27.83423,328.64,1.67,1.27,2021-08-03,2344,Aqua,MODIS,100,6.1NRT,303.12,47.24,N
37.05643,27.8522,329.68,1.66,1.27,2021-08-03,2344,Aqua,MODIS,100,6.1NRT,303.64,48.69,N
37.05302,27.88844,312.66,1.65,1.26,2021-08-03,2344,Aqua,MODIS,82,6.1NRT,301.55,12.69,N
36.73251,28.14454,320.85,1.58,1.24,2021-08-03,2344,Aqua,MODIS,100,6.1NRT,301.67,26.31,N
36.73179,28.15164,311.88,1.58,1.24,2021-08-03,2344,Aqua,MODIS,82,6.1NRT,300.83,11.46,N
36.754,28.15485,329.11,1.58,1.24,2021-08-03,2344,Aqua,MODIS,100,6.1NRT,301.61,45.09,N
37.74128,28.52521,315.63,1.55,1.23,2021-08-03,2344,Aqua,MODIS,57,6.1NRT,296.11,20.94,N
37.43155,28.43752,307.79,1.55,1.23,2021-08-03,2344,Aqua,MODIS,73,6.1NRT,295.87,10.99,N
37.4299,28.45446,335.91,1.55,1.23,2021-08-03,2344,Aqua,MODIS,100,6.1NRT,297.9,66.34,N
37.42968,28.44748,331.94,1.55,1.23,2021-08-03,2344,Aqua,MODIS,100,6.1NRT,297.42,55.39,N
37.42795,28.46446,319.33,1.55,1.23,2021-08-03,2344,Aqua,MODIS,98,6.1NRT,296.46,27.94,N
37.41874,28.44542,352.99,1.55,1.23,2021-08-03,2344,Aqua,MODIS,100,6.1NRT,298.92,126.69,N
37.417,28.46247,325.52,1.55,1.23,2021-08-03,2344,Aqua,MODIS,100,6.1NRT,297.26,39.98,N
37.40942,28.42718,339.63,1.55,1.23,2021-08-03,2344,Aqua,MODIS,100,6.1NRT,297.74,77.36,N
37.40762,28.44491,391.26,1.55,1.23,2021-08-03,2344,Aqua,MODIS,100,6.1NRT,309.92,385.18,N
37.40593,28.46165,319.6,1.55,1.23,2021-08-03,2344,Aqua,MODIS,99,6.1NRT,298.37,28.6,N
37.39829,28.42674,398.91,1.55,1.23,2021-08-03,2344,Aqua,MODIS,100,6.1NRT,305.12,467.23,N
37.0879,27.76363,333.14,1.68,1.28,2021-08-03,2344,Aqua,MODIS,100,6.1NRT,301.81,62.54,N
37.08987,27.74286,318.44,1.69,1.28,2021-08-03,2344,Aqua,MODIS,97,6.1NRT,300.81,26.45,N
37.09944,27.7641,341.46,1.68,1.28,2021-08-03,2344,Aqua,MODIS,100,6.1NRT,301.97,90.39,N
37.1014,27.74361,326.44,1.69,1.28,2021-08-03,2344,Aqua,MODIS,100,6.1NRT,299.93,44.77,N
37.39654,28.4442,432.4,1.55,1.23,2021-08-03,2344,Aqua,MODIS,100,6.1NRT,324.93,964.66,N
37.39486,28.46088,312.05,1.55,1.23,2021-08-03,2344,Aqua,MODIS,84,6.1NRT,296.84,17.09,N
37.38715,28.42648,322.68,1.55,1.23,2021-08-03,2344,Aqua,MODIS,100,6.1NRT,296.17,35.74,N
37.38548,28.4433,335.83,1.55,1.23,2021-08-03,2344,Aqua,MODIS,100,6.1NRT,297.12,66.96,N
37.76184,28.54248,325.02,1.55,1.23,2021-08-03,2344,Aqua,MODIS,100,6.1NRT,297.19,39.1,N
37.73971,28.54095,312.63,1.55,1.23,2021-08-03,2344,Aqua,MODIS,36,6.1NRT,295.72,15.8,N
37.7303,28.52348,333.89,1.55,1.23,2021-08-03,2344,Aqua,MODIS,100,6.1NRT,297.64,60.64,N
37.71942,28.52078,325.11,1.55,1.23,2021-08-03,2344,Aqua,MODIS,100,6.1NRT,299.89,39.54,N
37.71046,28.49822,326.15,1.55,1.23,2021-08-03,2344,Aqua,MODIS,100,6.1NRT,298.8,40.29,N
37.70851,28.51838,332.57,1.55,1.23,2021-08-03,2344,Aqua,MODIS,100,6.1NRT,298.08,56.05,N
37.70654,28.51157,328.88,1.55,1.23,2021-08-03,2344,Aqua,MODIS,100,6.1NRT,298.46,47.28,N
36.98368,28.83459,372.9,1.12,1.06,2021-08-04,0907,Terra,MODIS,100,6.1NRT,318.95,130.44,D
36.97639,28.82011,343.15,1.12,1.06,2021-08-04,0907,Terra,MODIS,89,6.1NRT,311.41,38.11,D
36.9743,28.83245,370.08,1.12,1.06,2021-08-04,0907,Terra,MODIS,100,6.1NRT,317.81,118.54,D
36.95562,28.8277,374.35,1.12,1.06,2021-08-04,0907,Terra,MODIS,100,6.1NRT,315.06,136.02,D
36.95346,28.84037,331.46,1.13,1.06,2021-08-04,0907,Terra,MODIS,76,6.1NRT,310.68,15.8,D
36.94612,28.82622,344.06,1.12,1.06,2021-08-04,0907,Terra,MODIS,89,6.1NRT,313.96,39.38,D
36.94398,28.83874,327.68,1.13,1.06,2021-08-04,0907,Terra,MODIS,61,6.1NRT,312.86,9.63,D
36.67836,29.52595,331.42,1.21,1.09,2021-08-04,0907,Terra,MODIS,76,6.1NRT,307.7,26.73,D
37.01618,28.8147,380.88,1.12,1.06,2021-08-04,0907,Terra,MODIS,100,6.1NRT,313.49,170.02,D
37.72589,28.51132,335.01,1.08,1.04,2021-08-04,0907,Terra,MODIS,75,6.1NRT,312.21,22.96,D
37.43015,28.44266,335.46,1.08,1.04,2021-08-04,0907,Terra,MODIS,65,6.1NRT,317.37,19.08,D
37.42816,28.45474,362.05,1.08,1.04,2021-08-04,0907,Terra,MODIS,100,6.1NRT,317.79,82.25,D
37.41898,28.45251,331.95,1.08,1.04,2021-08-04,0907,Terra,MODIS,37,6.1NRT,313.78,14.96,D
37.39364,28.43245,326.72,1.08,1.04,2021-08-04,0907,Terra,MODIS,38,6.1NRT,313.05,13.63,D
36.74796,28.13536,353.63,1.07,1.03,2021-08-04,0907,Terra,MODIS,73,6.1NRT,311.66,62.76,D
36.74605,28.14702,334.6,1.07,1.03,2021-08-04,0907,Terra,MODIS,76,6.1NRT,311.08,22.47,D
36.73879,28.13319,341.42,1.07,1.03,2021-08-04,0907,Terra,MODIS,66,6.1NRT,312.32,36.58,D
36.73687,28.14492,349.67,1.07,1.03,2021-08-04,0907,Terra,MODIS,88,6.1NRT,312.32,52.93,D
37.39165,28.44448,347.32,1.08,1.04,2021-08-04,0907,Terra,MODIS,91,6.1NRT,313.83,49.54,D
37.38455,28.42972,352.74,1.08,1.04,2021-08-04,0907,Terra,MODIS,95,6.1NRT,309.36,63.77,D
37.38252,28.44193,380.89,1.08,1.04,2021-08-04,0907,Terra,MODIS,100,6.1NRT,315.09,163.11,D
37.03834,27.88555,331.33,1.05,1.02,2021-08-04,0907,Terra,MODIS,36,6.1NRT,318.45,11.8,D
37.04026,27.8736,338.11,1.05,1.02,2021-08-04,0907,Terra,MODIS,39,6.1NRT,323.2,19.94,D
37.05304,27.85269,347.29,1.05,1.02,2021-08-04,0907,Terra,MODIS,87,6.1NRT,318.13,35.44,D
37.05487,27.84131,346.51,1.05,1.02,2021-08-04,0907,Terra,MODIS,90,6.1NRT,318.63,36.27,D
37.06211,27.85484,336.33,1.05,1.02,2021-08-04,0907,Terra,MODIS,45,6.1NRT,318.42,18.61,D
37.06399,27.84306,359.25,1.05,1.02,2021-08-04,0907,Terra,MODIS,99,6.1NRT,318.32,70.75,D
37.06588,27.83128,335.5,1.05,1.02,2021-08-04,0907,Terra,MODIS,50,6.1NRT,312.67,19.35,D
37.01406,28.82738,337.8,1.12,1.06,2021-08-04,0907,Terra,MODIS,65,6.1NRT,309.84,30.57,D
37.29298,28.65258,331.82,1.1,1.05,2021-08-04,0907,Terra,MODIS,74,6.1NRT,313.95,16.63,D
37.0182,28.80276,358.02,1.12,1.06,2021-08-04,0907,Terra,MODIS,98,6.1NRT,308.35,81.38,D
37.00465,28.82555,387.56,1.12,1.06,2021-08-04,0907,Terra,MODIS,100,6.1NRT,313.1,203.59,D
37.28376,28.65014,331.37,1.1,1.05,2021-08-04,0907,Terra,MODIS,60,6.1NRT,313.88,16.35,D
37.03423,28.79788,326.03,1.12,1.05,2021-08-04,0907,Terra,MODIS,56,6.1NRT,305,15.72,D
36.99312,28.83628,341.14,1.12,1.06,2021-08-04,0907,Terra,MODIS,87,6.1NRT,311.91,34.78,D
37.02771,28.80375,344.13,1.12,1.06,2021-08-04,0907,Terra,MODIS,89,6.1NRT,308.7,47.37,D
37.012,28.79051,326.55,1.84,1.33,2021-08-04,1049,Aqua,MODIS,63,6.1NRT,305.03,35.28,D
37.05561,27.83677,333.7,2.09,1.41,2021-08-04,1049,Aqua,MODIS,58,6.1NRT,315.48,47.06,D
37.08319,27.78136,326.94,2.11,1.41,2021-08-04,1049,Aqua,MODIS,28,6.1NRT,311.69,25.46,D
36.9556,28.84981,322.73,1.83,1.32,2021-08-04,1049,Aqua,MODIS,14,6.1NRT,309.61,13.43,D
36.95149,28.82948,373.32,1.83,1.33,2021-08-04,1049,Aqua,MODIS,100,6.1NRT,314.08,274.8,D
36.9471,28.80775,331.65,1.84,1.33,2021-08-04,1049,Aqua,MODIS,75,6.1NRT,309.82,40.21,D
36.97869,28.84219,355.15,1.83,1.32,2021-08-04,1049,Aqua,MODIS,97,6.1NRT,314.97,143.39,D
36.97486,28.82311,372.17,1.83,1.33,2021-08-04,1049,Aqua,MODIS,100,6.1NRT,316.59,265.48,D
36.9614,28.84426,328.54,1.83,1.32,2021-08-04,1049,Aqua,MODIS,64,6.1NRT,309.05,29.05,D
36.95721,28.82413,350.48,1.83,1.33,2021-08-04,1049,Aqua,MODIS,94,6.1NRT,311.43,118.49,D
36.97286,28.84007,339.75,1.83,1.32,2021-08-04,1049,Aqua,MODIS,85,6.1NRT,313.47,68.06,D
36.96865,28.8198,345.61,1.83,1.33,2021-08-04,1049,Aqua,MODIS,90,6.1NRT,313.88,93.74,D
36.98464,28.83739,362.26,1.83,1.32,2021-08-04,1049,Aqua,MODIS,100,6.1NRT,313.6,189.07,D
36.98042,28.81697,343.21,1.83,1.33,2021-08-04,1049,Aqua,MODIS,88,6.1NRT,310.93,84.67,D
36.99656,28.83544,339.19,1.83,1.32,2021-08-04,1049,Aqua,MODIS,84,6.1NRT,310.88,70.61,D
36.99245,28.81549,333.56,1.83,1.33,2021-08-04,1049,Aqua,MODIS,78,6.1NRT,309.39,51.58,D
37.00426,28.81293,336.69,1.83,1.33,2021-08-04,1049,Aqua,MODIS,82,6.1NRT,309.54,66.07,D
37.01645,28.81229,358.53,1.83,1.33,2021-08-04,1049,Aqua,MODIS,99,6.1NRT,311.32,174.59,D
37.71702,28.51047,332.62,1.84,1.33,2021-08-04,1049,Aqua,MODIS,53,6.1NRT,311.32,42.07,D
37.4233,28.44726,329.83,1.89,1.34,2021-08-04,1049,Aqua,MODIS,63,6.1NRT,315.18,32.04,D
37.3767,28.40378,366.02,1.9,1.35,2021-08-04,1049,Aqua,MODIS,100,6.1NRT,310.48,237.76,D
37.38065,28.4227,414.25,1.9,1.35,2021-08-04,1049,Aqua,MODIS,100,6.1NRT,320.95,860.21,D
37.38466,28.44191,385.62,1.89,1.34,2021-08-04,1049,Aqua,MODIS,100,6.1NRT,316.28,416.77,D
37.36484,28.40711,383.3,1.9,1.35,2021-08-04,1049,Aqua,MODIS,100,6.1NRT,307.74,403.99,D
37.36872,28.42559,422.88,1.9,1.35,2021-08-04,1049,Aqua,MODIS,100,6.1NRT,315.05,1043.11,D
36.74099,28.13826,342.55,2.04,1.39,2021-08-04,1049,Aqua,MODIS,0,6.1NRT,311.52,94.98,D
36.73051,28.13385,330.95,2.04,1.39,2021-08-04,1049,Aqua,MODIS,0,6.1NRT,310.73,44.94,D
37.30348,27.55898,327.44,2.15,1.42,2021-08-04,1049,Aqua,MODIS,63,6.1NRT,313.7,30.52,D
37.07812,27.7576,358.2,2.12,1.41,2021-08-04,1049,Aqua,MODIS,98,6.1NRT,313.72,190.32,D
37.02855,28.81128,337.12,1.83,1.33,2021-08-04,1049,Aqua,MODIS,82,6.1NRT,308.24,69.05,D
37.02434,28.79054,339.35,1.84,1.33,2021-08-04,1049,Aqua,MODIS,85,6.1NRT,304.69,78.52,D
37.29055,28.65376,326.33,1.85,1.33,2021-08-04,1049,Aqua,MODIS,62,6.1NRT,313.58,21.67,D
37.28617,28.63219,325.29,1.85,1.33,2021-08-04,1049,Aqua,MODIS,56,6.1NRT,314.18,19.86,D
37.37281,28.44516,380.13,1.89,1.34,2021-08-04,1049,Aqua,MODIS,100,6.1NRT,309.97,359.34,D
37.29553,28.64606,327.72,1.85,1.33,2021-08-04,1049,Aqua,MODIS,63,6.1NRT,313.79,23.47,D
37.36563,28.43151,319.16,1,1,2021-08-04,2010,Terra,MODIS,98,6.1NRT,299.89,14.4,N
37.36717,28.44271,334.93,1,1,2021-08-04,2010,Terra,MODIS,100,6.1NRT,302.81,33.33,N
37.36871,28.45391,363.94,1.01,1,2021-08-04,2010,Terra,MODIS,100,6.1NRT,306.17,95.88,N
37.34742,28.36605,305.02,1,1,2021-08-04,2010,Terra,MODIS,13,6.1NRT,293.44,3.47,N
37.34896,28.37716,311.25,1,1,2021-08-04,2010,Terra,MODIS,78,6.1NRT,293.93,7.72,N
37.35052,28.38844,316.14,1,1,2021-08-04,2010,Terra,MODIS,91,6.1NRT,296.41,11.5,N
37.35208,28.39974,321.28,1,1,2021-08-04,2010,Terra,MODIS,100,6.1NRT,298.97,16.54,N
37.35363,28.41098,317,1,1,2021-08-04,2010,Terra,MODIS,93,6.1NRT,298.79,12.86,N
37.35517,28.42216,314.51,1,1,2021-08-04,2010,Terra,MODIS,88,6.1NRT,298.2,10.74,N
37.35671,28.43331,314.09,1,1,2021-08-04,2010,Terra,MODIS,87,6.1NRT,298.96,10.28,N
37.35825,28.44451,327.51,1,1,2021-08-04,2010,Terra,MODIS,100,6.1NRT,301.3,23.93,N
37.3598,28.45575,346.96,1.01,1,2021-08-04,2010,Terra,MODIS,100,6.1NRT,303.53,54.65,N
37.33392,28.33485,309.57,1,1,2021-08-04,2010,Terra,MODIS,73,6.1NRT,292.88,6.41,N
37.33547,28.34598,307.42,1,1,2021-08-04,2010,Terra,MODIS,38,6.1NRT,293.48,4.56,N
37.33701,28.35703,362.89,1,1,2021-08-04,2010,Terra,MODIS,100,6.1NRT,295.84,91.15,N
37.33854,28.36801,418.46,1,1,2021-08-04,2010,Terra,MODIS,100,6.1NRT,310.79,380.92,N
37.34008,28.37915,342.31,1,1,2021-08-04,2010,Terra,MODIS,100,6.1NRT,302.85,44.34,N
37.34163,28.3904,327,1,1,2021-08-04,2010,Terra,MODIS,100,6.1NRT,299.99,22.17,N
37.34317,28.40156,327.67,1,1,2021-08-04,2010,Terra,MODIS,100,6.1NRT,300.62,23.45,N
37.34472,28.41279,323.75,1,1,2021-08-04,2010,Terra,MODIS,100,6.1NRT,300.18,19.3,N
37.34626,28.42402,314.57,1,1,2021-08-04,2010,Terra,MODIS,88,6.1NRT,298.41,10.79,N
37.34781,28.43524,313.81,1,1,2021-08-04,2010,Terra,MODIS,86,6.1NRT,298.78,10.02,N
37.3594,28.38638,317.24,1,1,2021-08-04,2010,Terra,MODIS,94,6.1NRT,295.5,12.95,N
37.37918,28.46331,310.25,1.01,1,2021-08-04,2010,Terra,MODIS,72,6.1NRT,298.35,6.92,N
37.37764,28.45206,344,1.01,1,2021-08-04,2010,Terra,MODIS,100,6.1NRT,301.83,47.55,N
37.37608,28.44079,326.7,1,1,2021-08-04,2010,Terra,MODIS,100,6.1NRT,300.45,22.14,N
37.37452,28.42951,311,1,1,2021-08-04,2010,Terra,MODIS,61,6.1NRT,298.76,7.23,N
37.37297,28.41827,319.15,1,1,2021-08-04,2010,Terra,MODIS,98,6.1NRT,298.41,14.39,N
37.37141,28.40699,326.18,1,1,2021-08-04,2010,Terra,MODIS,100,6.1NRT,297.34,22.4,N
37.38809,28.46132,370.52,1.01,1,2021-08-04,2010,Terra,MODIS,100,6.1NRT,304.84,115.98,N
37.38653,28.45004,376.48,1.01,1,2021-08-04,2010,Terra,MODIS,100,6.1NRT,308.01,137.05,N
37.38498,28.43876,318.62,1,1,2021-08-04,2010,Terra,MODIS,97,6.1NRT,298.5,12.86,N
37.38342,28.42751,331.06,1,1,2021-08-04,2010,Terra,MODIS,100,6.1NRT,298.96,27.54,N
37.38187,28.4163,321.67,1,1,2021-08-04,2010,Terra,MODIS,100,6.1NRT,297.1,17.1,N
37.39544,28.44811,321.45,1.01,1,2021-08-04,2010,Terra,MODIS,100,6.1NRT,298.29,16.62,N
37.72147,28.54271,312.15,1.01,1,2021-08-04,2010,Terra,MODIS,81,6.1NRT,297.61,8.35,N
37.7199,28.53129,341.46,1.01,1,2021-08-04,2010,Terra,MODIS,100,6.1NRT,299.97,43.77,N
37.72972,28.5349,329.53,1.01,1,2021-08-04,2010,Terra,MODIS,100,6.1NRT,300.15,26.13,N
37.00568,28.82855,322.36,1.01,1.01,2021-08-04,2010,Terra,MODIS,100,6.1NRT,301.11,14.58,N
37.01458,28.82644,365.54,1.01,1.01,2021-08-04,2010,Terra,MODIS,100,6.1NRT,304.31,97.99,N
37.7282,28.52377,306.74,1.01,1,2021-08-04,2010,Terra,MODIS,51,6.1NRT,296.52,4.76,N
37.73866,28.53314,328.76,1.01,1,2021-08-04,2010,Terra,MODIS,100,6.1NRT,299.1,25.16,N
36.74285,28.13152,326.67,1,1,2021-08-04,2010,Terra,MODIS,100,6.1NRT,302.95,19.53,N
36.7529,28.13487,319.39,1,1,2021-08-04,2010,Terra,MODIS,98,6.1NRT,300.63,12.79,N
37.06501,27.80572,319.86,1,1,2021-08-04,2010,Terra,MODIS,99,6.1NRT,301.93,12.57,N
37.06661,27.81681,315.84,1,1,2021-08-04,2010,Terra,MODIS,56,6.1NRT,300.79,8.48,N
37.06821,27.8279,353.45,1,1,2021-08-04,2010,Terra,MODIS,100,6.1NRT,303.88,64.84,N
37.06981,27.839,363.41,1,1,2021-08-04,2010,Terra,MODIS,100,6.1NRT,303.7,91.08,N
37.0714,27.85007,321.44,1,1,2021-08-04,2010,Terra,MODIS,100,6.1NRT,301.56,14.13,N
37.05773,27.81885,332.7,1,1,2021-08-04,2010,Terra,MODIS,100,6.1NRT,302.11,26.61,N
37.05933,27.82991,318.66,1,1,2021-08-04,2010,Terra,MODIS,96,6.1NRT,303,10.39,N
37.06093,27.84097,356.19,1,1,2021-08-04,2010,Terra,MODIS,100,6.1NRT,307.19,70.74,N
37.08969,27.78276,321.41,1,1,2021-08-04,2010,Terra,MODIS,100,6.1NRT,300.14,14.68,N
37.06253,27.85207,383.76,1,1,2021-08-04,2010,Terra,MODIS,100,6.1NRT,312.36,163.74,N
37.05206,27.84296,327.75,1,1,2021-08-04,2010,Terra,MODIS,100,6.1NRT,304.53,19.51,N
37.05365,27.85409,397.33,1,1,2021-08-04,2010,Terra,MODIS,100,6.1NRT,316.72,231.03,N
37.05524,27.86517,350.79,1,1,2021-08-04,2010,Terra,MODIS,100,6.1NRT,305.29,57.48,N
37.04477,27.85612,376.82,1,1,2021-08-04,2010,Terra,MODIS,100,6.1NRT,309.88,134.1,N
37.04636,27.86722,352.48,1,1,2021-08-04,2010,Terra,MODIS,100,6.1NRT,305.23,60.86,N
36.68431,29.52475,316.41,1.04,1.02,2021-08-04,2010,Terra,MODIS,88,6.1NRT,297.34,12.9,N
36.95216,28.84082,317.84,1.01,1.01,2021-08-04,2010,Terra,MODIS,95,6.1NRT,302.42,10.3,N
36.95064,28.82964,318.34,1.01,1.01,2021-08-04,2010,Terra,MODIS,96,6.1NRT,302.47,10.86,N
36.9626,28.84995,339.36,1.01,1.01,2021-08-04,2010,Terra,MODIS,100,6.1NRT,303.58,37.04,N
37.0286,28.79398,308.35,1.01,1.01,2021-08-04,2010,Terra,MODIS,10,6.1NRT,295.11,5.46,N
37.0301,28.80505,325.26,1.01,1.01,2021-08-04,2010,Terra,MODIS,100,6.1NRT,296.8,20.95,N
37.02194,28.8131,323.15,1.01,1.01,2021-08-04,2010,Terra,MODIS,100,6.1NRT,298.05,17.08,N
37.01306,28.81524,316.8,1.01,1.01,2021-08-04,2010,Terra,MODIS,55,6.1NRT,298.96,9.44,N
37.04795,27.8783,328.05,1,1,2021-08-04,2010,Terra,MODIS,100,6.1NRT,302.99,19.54,N
37.04955,27.88938,387.55,1,1,2021-08-04,2010,Terra,MODIS,100,6.1NRT,309.22,179.82,N
37.05114,27.90045,354.44,1,1,2021-08-04,2010,Terra,MODIS,100,6.1NRT,304.9,65.65,N
37.04066,27.89139,334.27,1,1,2021-08-04,2010,Terra,MODIS,100,6.1NRT,306.53,27.45,N
37.04226,27.90246,342.51,1,1,2021-08-04,2010,Terra,MODIS,100,6.1NRT,307.79,40.84,N
37.03337,27.90447,332,1,1,2021-08-04,2010,Terra,MODIS,100,6.1NRT,305.53,24.98,N
37.01617,28.838,335.66,1.01,1.01,2021-08-04,2010,Terra,MODIS,100,6.1NRT,301.06,31.98,N
36.96107,28.83866,334.31,1.01,1.01,2021-08-04,2010,Terra,MODIS,100,6.1NRT,302.97,29.2,N
36.95955,28.82748,317.73,1.01,1.01,2021-08-04,2010,Terra,MODIS,95,6.1NRT,301.85,10,N
36.97897,28.83492,312.24,1.01,1.01,2021-08-04,2010,Terra,MODIS,81,6.1NRT,302.1,5.48,N
36.99097,28.85555,319.03,1.01,1.01,2021-08-04,2010,Terra,MODIS,98,6.1NRT,302.34,11.16,N
36.98941,28.84409,344.86,1.01,1.01,2021-08-04,2010,Terra,MODIS,100,6.1NRT,305.45,46.68,N
36.9999,28.85357,315.17,1.01,1.01,2021-08-04,2010,Terra,MODIS,54,6.1NRT,302.42,7.83,N
36.99836,28.84218,334.02,1.01,1.01,2021-08-04,2010,Terra,MODIS,100,6.1NRT,304.5,28.63,N
37.00883,28.8515,343.93,1.01,1.01,2021-08-04,2010,Terra,MODIS,100,6.1NRT,303.91,46.23,N
37.00724,28.83997,348.96,1.01,1.01,2021-08-04,2010,Terra,MODIS,100,6.1NRT,305.97,55.39,N
37.34935,28.44644,326.73,1,1,2021-08-04,2010,Terra,MODIS,100,6.1NRT,301.92,23.01,N
37.3509,28.45772,310.48,1.01,1,2021-08-04,2010,Terra,MODIS,76,6.1NRT,298.15,7.96,N
37.32543,28.34258,313.39,1,1,2021-08-04,2010,Terra,MODIS,14,6.1NRT,291.53,8.05,N
37.32698,28.35371,328.51,1,1,2021-08-04,2010,Terra,MODIS,100,6.1NRT,291.85,21.61,N
37.3285,28.36475,433.11,1,1,2021-08-04,2010,Terra,MODIS,100,6.1NRT,315.48,514.48,N
37.33001,28.37576,415.82,1,1,2021-08-04,2010,Terra,MODIS,100,6.1NRT,320.21,359.06,N
37.33154,28.38685,335.01,1,1,2021-08-04,2010,Terra,MODIS,100,6.1NRT,301.38,31.98,N
37.3331,28.39805,329.91,1,1,2021-08-04,2010,Terra,MODIS,100,6.1NRT,301.26,25.06,N
37.33469,28.40937,324.24,1,1,2021-08-04,2010,Terra,MODIS,100,6.1NRT,299.52,19,N
37.33626,28.42062,316.99,1,1,2021-08-04,2010,Terra,MODIS,79,6.1NRT,298.24,11.87,N
37.33782,28.43183,316.34,1,1,2021-08-04,2010,Terra,MODIS,92,6.1NRT,298.61,11.91,N
37.33937,28.44302,346.87,1,1,2021-08-04,2010,Terra,MODIS,100,6.1NRT,304.33,53.45,N
37.34093,28.45423,372.49,1,1,2021-08-04,2010,Terra,MODIS,100,6.1NRT,306.18,123.23,N
37.31654,28.34455,315.69,1,1,2021-08-04,2010,Terra,MODIS,7,6.1NRT,283.72,9.05,N
37.31807,28.35561,334.02,1,1,2021-08-04,2010,Terra,MODIS,100,6.1NRT,290.03,29.83,N
37.31958,28.36664,471.35,1,1,2021-08-04,2010,Terra,MODIS,100,6.1NRT,328.28,1028.63,N
37.32112,28.37773,443.71,1,1,2021-08-04,2010,Terra,MODIS,100,6.1NRT,328.23,630.4,N
37.32267,28.38889,356.79,1,1,2021-08-04,2010,Terra,MODIS,100,6.1NRT,304.34,73.87,N
37.32423,28.40008,339.14,1,1,2021-08-04,2010,Terra,MODIS,100,6.1NRT,302.16,37.85,N
37.32579,28.41131,338.26,1,1,2021-08-04,2010,Terra,MODIS,100,6.1NRT,304.17,36.72,N
37.32735,28.42255,337.35,1,1,2021-08-04,2010,Terra,MODIS,100,6.1NRT,304.34,35.97,N
37.32891,28.43376,352.43,1,1,2021-08-04,2010,Terra,MODIS,100,6.1NRT,302.99,65.1,N
37.33047,28.44496,389.35,1,1,2021-08-04,2010,Terra,MODIS,100,6.1NRT,309.1,194.19,N
37.33202,28.45618,367.63,1,1,2021-08-04,2010,Terra,MODIS,100,6.1NRT,301.08,106.56,N
37.30917,28.35757,327.24,1,1,2021-08-04,2010,Terra,MODIS,100,6.1NRT,293.67,19.39,N
37.3107,28.36863,413.26,1,1,2021-08-04,2010,Terra,MODIS,100,6.1NRT,311.81,338.28,N
37.31225,28.3798,382.1,1,1,2021-08-04,2010,Terra,MODIS,100,6.1NRT,310.63,157.43,N
37.31379,28.3909,334.48,1,1,2021-08-04,2010,Terra,MODIS,100,6.1NRT,300.34,30.47,N
37.31532,28.40195,335.13,1,1,2021-08-04,2010,Terra,MODIS,100,6.1NRT,303.11,31.64,N
37.31688,28.41317,346.99,1,1,2021-08-04,2010,Terra,MODIS,100,6.1NRT,307.38,52.42,N
37.31844,28.42441,352.67,1,1,2021-08-04,2010,Terra,MODIS,100,6.1NRT,308.81,64.88,N
37.31999,28.43561,366.55,1,1,2021-08-04,2010,Terra,MODIS,100,6.1NRT,305,102.9,N
37.32155,28.44684,384.93,1,1,2021-08-04,2010,Terra,MODIS,100,6.1NRT,309.55,173.07,N
37.3003,28.35962,334.72,1,1,2021-08-04,2010,Terra,MODIS,100,6.1NRT,297.42,30.52,N
37.30183,28.37071,410.83,1,1,2021-08-04,2010,Terra,MODIS,100,6.1NRT,314.1,320.79,N
37.30337,28.3818,341.04,1,1,2021-08-04,2010,Terra,MODIS,100,6.1NRT,301.36,41.03,N
37.30489,28.39282,349.81,1,1,2021-08-04,2010,Terra,MODIS,100,6.1NRT,301.82,57.63,N
37.30643,28.40395,353.32,1,1,2021-08-04,2010,Terra,MODIS,100,6.1NRT,306.18,65.57,N
37.30798,28.41512,354.42,1,1,2021-08-04,2010,Terra,MODIS,100,6.1NRT,307.06,68.53,N
37.30952,28.42627,338.92,1,1,2021-08-04,2010,Terra,MODIS,100,6.1NRT,303.06,38.36,N
37.31108,28.43748,316.89,1,1,2021-08-04,2010,Terra,MODIS,93,6.1NRT,296.77,11.83,N
37.31264,28.44875,307.46,1,1,2021-08-04,2010,Terra,MODIS,34,6.1NRT,295.04,4.97,N
37.29295,28.37276,307.73,1,1,2021-08-04,2010,Terra,MODIS,52,6.1NRT,295.9,4.12,N
37.29602,28.39489,354.26,1,1,2021-08-04,2010,Terra,MODIS,100,6.1NRT,301.75,67.81,N
37.29757,28.40607,399.2,1,1,2021-08-04,2010,Terra,MODIS,100,6.1NRT,312.85,245,N
37.29911,28.41721,404.63,1,1,2021-08-04,2010,Terra,MODIS,100,6.1NRT,315.79,279.41,N
37.30065,28.42833,322.43,1,1,2021-08-04,2010,Terra,MODIS,100,6.1NRT,297.77,16.36,N
37.28868,28.4081,331.87,1,1,2021-08-04,2010,Terra,MODIS,100,6.1NRT,298.69,27.28,N
37.29023,28.41925,354.01,1,1,2021-08-04,2010,Terra,MODIS,100,6.1NRT,302.35,68.12,N
37.36096,28.39765,326.83,1,1,2021-08-04,2010,Terra,MODIS,100,6.1NRT,297.54,23.16,N
37.36253,28.40901,322.35,1,1,2021-08-04,2010,Terra,MODIS,100,6.1NRT,298.52,17.98,N
37.36408,28.42029,314.96,1,1,2021-08-04,2010,Terra,MODIS,89,6.1NRT,298.64,11.03,N
